manga,page_id,image_path,gt_path,prediction_mask,image_height,image_width,threshold,inference_time_sec,iou,precision,recall,f1,tp,fp,fn
AisazuNihaIrarenai,000,/content/data/raw/Manga109s_released_2026_05_21/images/AisazuNihaIrarenai/000.jpg,/content/data/groundtruth/post-processed/AisazuNihaIrarenai/000.png,/content/benchmark_unetpp/masks/AisazuNihaIrarenai/000.png,1170,1654,0.5,0.3162769460000163,0.7828628679259966,0.8513656462225231,0.9067996169229903,0.878208730474824,80483,14051,8272
AisazuNihaIrarenai,005,/content/data/raw/Manga109s_released_2026_05_21/images/AisazuNihaIrarenai/005.jpg,/content/data/groundtruth/post-processed/AisazuNihaIrarenai/005.png,/content/benchmark_unetpp/masks/AisazuNihaIrarenai/005.png,1170,1654,0.5,0.31072265499994955,0.2588553402433529,0.29763420483818437,0.6651887635244681,0.41125510131023124,20104,47442,10119
AisazuNihaIrarenai,003,/content/data/raw/Manga109s_released_2026_05_21/images/AisazuNihaIrarenai/003.jpg,/content/data/groundtruth/post-processed/AisazuNihaIrarenai/003.png,/content/benchmark_unetpp/masks/AisazuNihaIrarenai/003.png,1170,1654,0.5,0.3122374539999555,0.6578525192605443,0.7898031399072809,0.7974740793505422,0.7936200737010887,70531,18771,17912
AisazuNihaIrarenai,009,/content/data/raw/Manga109s_released_2026_05_21/images/AisazuNihaIrarenai/009.jpg,/content/data/groundtruth/post-processed/AisazuNihaIrarenai/009.png,/content/benchmark_unetpp/masks/AisazuNihaIrarenai/009.png,1170,1654,0.5,0.31367655300005026,0.4972136966101404,0.5562845303867403,0.8240175044755761,0.6641853433960534,28998,23130,6193
AisazuNihaIrarenai,004,/content/data/raw/Manga109s_released_2026_05_21/images/AisazuNihaIrarenai/004.jpg,/content/data/groundtruth/post-processed/AisazuNihaIrarenai/004.png,/content/benchmark_unetpp/masks/AisazuNihaIrarenai/004.png,1170,1654,0.5,0.3128407160000961,0.15370208086327475,0.17213840351012238,0.58933983397022,0.2664502100026809,8945,43019,6233
AisazuNihaIrarenai,006,/content/data/raw/Manga109s_released_2026_05_21/images/AisazuNihaIrarenai/006.jpg,/content/data/groundtruth/post-processed/AisazuNihaIrarenai/006.png,/content/benchmark_unetpp/masks/AisazuNihaIrarenai/006.png,1170,1654,0.5,0.31224658500002533,0.11408167002380516,0.11762643290627108,0.7910393615091602,0.20479947403024326,4361,32714,1152
AisazuNihaIrarenai,002,/content/data/raw/Manga109s_released_2026_05_21/images/AisazuNihaIrarenai/002.jpg,/content/data/groundtruth/post-processed/AisazuNihaIrarenai/002.png,/content/benchmark_unetpp/masks/AisazuNihaIrarenai/002.png,1170,1654,0.5,0.312568199999987,0.23672184421651266,0.2420359679362047,0.9151224874371859,0.3828214813598292,11655,36499,1081
AisazuNihaIrarenai,001,/content/data/raw/Manga109s_released_2026_05_21/images/AisazuNihaIrarenai/001.jpg,/content/data/groundtruth/post-processed/AisazuNihaIrarenai/001.png,/content/benchmark_unetpp/masks/AisazuNihaIrarenai/001.png,1170,1654,0.5,0.3133906499999739,0.7737827554563359,0.8987546125461254,0.8476719576719577,0.8724662059951835,144189,16243,25911
AisazuNihaIrarenai,008,/content/data/raw/Manga109s_released_2026_05_21/images/AisazuNihaIrarenai/008.jpg,/content/data/groundtruth/post-processed/AisazuNihaIrarenai/008.png,/content/benchmark_unetpp/masks/AisazuNihaIrarenai/008.png,1170,1654,0.5,0.3129436120000264,0.2573886663664589,0.2693118412895226,0.8532369578881207,0.4094019188358811,10860,29465,1868
AisazuNihaIrarenai,007,/content/data/raw/Manga109s_released_2026_05_21/images/AisazuNihaIrarenai/007.jpg,/content/data/groundtruth/post-processed/AisazuNihaIrarenai/007.png,/content/benchmark_unetpp/masks/AisazuNihaIrarenai/007.png,1170,1654,0.5,0.3120794940000451,0.15777904018573863,0.1640893912150013,0.8040276903713027,0.27255466666666667,6388,32542,1557
ARMS,000,/content/data/raw/Manga109s_released_2026_05_21/images/ARMS/000.jpg,/content/data/groundtruth/post-processed/ARMS/000.png,/content/benchmark_unetpp/masks/ARMS/000.png,1170,1654,0.5,0.3139838150000287,0.7930655588952532,0.8172235452247725,0.9640650448540627,0.8845918153532304,111873,25021,4170
ARMS,005,/content/data/raw/Manga109s_released_2026_05_21/images/ARMS/005.jpg,/content/data/groundtruth/post-processed/ARMS/005.png,/content/benchmark_unetpp/masks/ARMS/005.png,1170,1654,0.5,0.3141461140000956,0.5739855296802082,0.6229575519245367,0.8795396644118422,0.7293402878955649,50059,30298,6856
ARMS,003,/content/data/raw/Manga109s_released_2026_05_21/images/ARMS/003.jpg,/content/data/groundtruth/post-processed/ARMS/003.png,/content/benchmark_unetpp/masks/ARMS/003.png,1170,1654,0.5,0.3132354630000691,0.484906093283949,0.495146930852132,0.9590923824959481,0.6531134803434651,14794,15084,631
ARMS,009,/content/data/raw/Manga109s_released_2026_05_21/images/ARMS/009.jpg,/content/data/groundtruth/post-processed/ARMS/009.png,/content/benchmark_unetpp/masks/ARMS/009.png,1170,1654,0.5,0.31405889400002707,0.710128223598905,0.7527393512096415,0.9261700828335656,0.830497051390059,59148,19429,4715
ARMS,004,/content/data/raw/Manga109s_released_2026_05_21/images/ARMS/004.jpg,/content/data/groundtruth/post-processed/ARMS/004.png,/content/benchmark_unetpp/masks/ARMS/004.png,1170,1654,0.5,0.31423023100001046,0.37139286525789594,0.38013101282995465,0.9417130785481083,0.5416286968768121,9807,15992,607
ARMS,006,/content/data/raw/Manga109s_released_2026_05_21/images/ARMS/006.jpg,/content/data/groundtruth/post-processed/ARMS/006.png,/content/benchmark_unetpp/masks/ARMS/006.png,1170,1654,0.5,0.3139356230000203,0.6388185352976848,0.6825085275454008,0.9089201877934272,0.77960862845824,35816,16661,3589
ARMS,002,/content/data/raw/Manga109s_released_2026_05_21/images/ARMS/002.jpg,/content/data/groundtruth/post-processed/ARMS/002.png,/content/benchmark_unetpp/masks/ARMS/002.png,1170,1654,0.5,0.31314720299997134,0.7937225449907893,0.9284435604177026,0.8454409611640228,0.8850003554979737,56013,4317,10240
ARMS,001,/content/data/raw/Manga109s_released_2026_05_21/images/ARMS/001.jpg,/content/data/groundtruth/post-processed/ARMS/001.png,/content/benchmark_unetpp/masks/ARMS/001.png,1170,1654,0.5,0.3108450760000778,0.9458792525155726,0.9774702285162536,0.9669605682096498,0.9721869959739476,39481,910,1349
ARMS,008,/content/data/raw/Manga109s_released_2026_05_21/images/ARMS/008.jpg,/content/data/groundtruth/post-processed/ARMS/008.png,/content/benchmark_unetpp/masks/ARMS/008.png,1170,1654,0.5,0.31226303799996913,0.675809645637815,0.7402756632219991,0.8858506384625306,0.8065470292487797,54944,19277,7080
ARMS,007,/content/data/raw/Manga109s_released_2026_05_21/images/ARMS/007.jpg,/content/data/groundtruth/post-processed/ARMS/007.png,/content/benchmark_unetpp/masks/ARMS/007.png,1170,1654,0.5,0.31404609700007313,0.6163095392964002,0.6494653558419177,0.9235032024505708,0.7626132548406384,33163,17899,2747
WarewareHaOniDearu,000,/content/data/raw/Manga109s_released_2026_05_21/images/WarewareHaOniDearu/000.jpg,/content/data/groundtruth/post-processed/WarewareHaOniDearu/000.png,/content/benchmark_unetpp/masks/WarewareHaOniDearu/000.png,1170,1654,0.5,0.3125951200000827,0.7773164985475423,0.8444784056458426,0.9071822319509883,0.8747080209774459,67967,12517,6954
WarewareHaOniDearu,005,/content/data/raw/Manga109s_released_2026_05_21/images/WarewareHaOniDearu/005.jpg,/content/data/groundtruth/post-processed/WarewareHaOniDearu/005.png,/content/benchmark_unetpp/masks/WarewareHaOniDearu/005.png,1170,1654,0.5,0.313997979000078,0.5593984962406015,0.5831278316224121,0.9321883690370687,0.7174541947926711,30504,21807,2219
WarewareHaOniDearu,003,/content/data/raw/Manga109s_released_2026_05_21/images/WarewareHaOniDearu/003.jpg,/content/data/groundtruth/post-processed/WarewareHaOniDearu/003.png,/content/benchmark_unetpp/masks/WarewareHaOniDearu/003.png,1170,1654,0.5,0.31313492600008885,0.41259506798801565,0.42305192887103443,0.9434782608695652,0.5841660888363176,14322,19532,858
WarewareHaOniDearu,009,/content/data/raw/Manga109s_released_2026_05_21/images/WarewareHaOniDearu/009.jpg,/content/data/groundtruth/post-processed/WarewareHaOniDearu/009.png,/content/benchmark_unetpp/masks/WarewareHaOniDearu/009.png,1170,1654,0.5,0.3136685120000493,0.03353391966260351,0.03357363542739444,0.965925925925926,0.06489176412042796,1304,37536,46
WarewareHaOniDearu,004,/content/data/raw/Manga109s_released_2026_05_21/images/WarewareHaOniDearu/004.jpg,/content/data/groundtruth/post-processed/WarewareHaOniDearu/004.png,/content/benchmark_unetpp/masks/WarewareHaOniDearu/004.png,1170,1654,0.5,0.3137671159998945,0.6179971697327895,0.6339745095108986,0.9608179376840198,0.7639038946339457,29696,17145,1211
WarewareHaOniDearu,006,/content/data/raw/Manga109s_released_2026_05_21/images/WarewareHaOniDearu/006.jpg,/content/data/groundtruth/post-processed/WarewareHaOniDearu/006.png,/content/benchmark_unetpp/masks/WarewareHaOniDearu/006.png,1170,1654,0.5,0.3122284649999756,0.3601048420471789,0.36867973560815775,0.9393306944944224,0.5295251232326511,13052,22350,843
WarewareHaOniDearu,002,/content/data/raw/Manga109s_released_2026_05_21/images/WarewareHaOniDearu/002.jpg,/content/data/groundtruth/post-processed/WarewareHaOniDearu/002.png,/content/benchmark_unetpp/masks/WarewareHaOniDearu/002.png,1170,1654,0.5,0.31465385399997103,0.4819315637991685,0.5036043347496062,0.918022800452528,0.6504100129477772,10549,10398,942
WarewareHaOniDearu,001,/content/data/raw/Manga109s_released_2026_05_21/images/WarewareHaOniDearu/001.jpg,/content/data/groundtruth/post-processed/WarewareHaOniDearu/001.png,/content/benchmark_unetpp/masks/WarewareHaOniDearu/001.png,1170,1654,0.5,0.31268968800009134,0.6220634536207315,0.6345500586745723,0.9693367298801774,0.767002612915267,10274,5917,325
WarewareHaOniDearu,008,/content/data/raw/Manga109s_released_2026_05_21/images/WarewareHaOniDearu/008.jpg,/content/data/groundtruth/post-processed/WarewareHaOniDearu/008.png,/content/benchmark_unetpp/masks/WarewareHaOniDearu/008.png,1170,1654,0.5,0.3132624150000538,0.012759882216471848,0.0127604515236693,0.9965156794425087,0.02519823788546256,286,22127,1
WarewareHaOniDearu,007,/content/data/raw/Manga109s_released_2026_05_21/images/WarewareHaOniDearu/007.jpg,/content/data/groundtruth/post-processed/WarewareHaOniDearu/007.png,/content/benchmark_unetpp/masks/WarewareHaOniDearu/007.png,1170,1654,0.5,0.31440021700007037,0.0032245426875207183,0.003231456873640976,0.601123595505618,0.006428356863923099,107,33005,71
GarakutayaManta,000,/content/data/raw/Manga109s_released_2026_05_21/images/GarakutayaManta/000.jpg,/content/data/groundtruth/post-processed/GarakutayaManta/000.png,/content/benchmark_unetpp/masks/GarakutayaManta/000.png,1170,1654,0.5,0.31465113299998393,0.8611101535703821,0.9106829563941433,0.9405438731903839,0.9253725814330928,199843,19600,12633
GarakutayaManta,005,/content/data/raw/Manga109s_released_2026_05_21/images/GarakutayaManta/005.jpg,/content/data/groundtruth/post-processed/GarakutayaManta/005.png,/content/benchmark_unetpp/masks/GarakutayaManta/005.png,1170,1654,0.5,0.313343383000074,0.5524067855931926,0.5702897405207651,0.9462837014970116,0.7116778807200478,50506,38056,2867
GarakutayaManta,003,/content/data/raw/Manga109s_released_2026_05_21/images/GarakutayaManta/003.jpg,/content/data/groundtruth/post-processed/GarakutayaManta/003.png,/content/benchmark_unetpp/masks/GarakutayaManta/003.png,1170,1654,0.5,0.31499849599993013,0.11829942000633722,0.12297007017041386,0.7569640338504936,0.2115702072092049,8587,61243,2757
GarakutayaManta,009,/content/data/raw/Manga109s_released_2026_05_21/images/GarakutayaManta/009.jpg,/content/data/groundtruth/post-processed/GarakutayaManta/009.png,/content/benchmark_unetpp/masks/GarakutayaManta/009.png,1170,1654,0.5,0.31365312100001574,0.34459732901659246,0.36733461314466903,0.8477276121260391,0.5125658389766742,17030,29331,3059
GarakutayaManta,004,/content/data/raw/Manga109s_released_2026_05_21/images/GarakutayaManta/004.jpg,/content/data/groundtruth/post-processed/GarakutayaManta/004.png,/content/benchmark_unetpp/masks/GarakutayaManta/004.png,1170,1654,0.5,0.3139088289999563,0.2652317773730101,0.2835007603336252,0.8045311887014516,0.4192619599291264,24609,62195,5979
GarakutayaManta,006,/content/data/raw/Manga109s_released_2026_05_21/images/GarakutayaManta/006.jpg,/content/data/groundtruth/post-processed/GarakutayaManta/006.png,/content/benchmark_unetpp/masks/GarakutayaManta/006.png,1170,1654,0.5,0.31458197900008145,0.23388411783889554,0.2430283947305254,0.8614183474300585,0.3791022421919739,17212,53611,2769
GarakutayaManta,002,/content/data/raw/Manga109s_released_2026_05_21/images/GarakutayaManta/002.jpg,/content/data/groundtruth/post-processed/GarakutayaManta/002.png,/content/benchmark_unetpp/masks/GarakutayaManta/002.png,1170,1654,0.5,0.3150325769998972,0.3967615576363141,0.4273112845733881,0.8473203900867854,0.5681163767246551,18941,25385,3413
GarakutayaManta,001,/content/data/raw/Manga109s_released_2026_05_21/images/GarakutayaManta/001.jpg,/content/data/groundtruth/post-processed/GarakutayaManta/001.png,/content/benchmark_unetpp/masks/GarakutayaManta/001.png,1170,1654,0.5,0.31417859500004397,0.8261157272863712,0.940551918043355,0.8716278467163793,0.904779160424831,121097,7654,17835
GarakutayaManta,008,/content/data/raw/Manga109s_released_2026_05_21/images/GarakutayaManta/008.jpg,/content/data/groundtruth/post-processed/GarakutayaManta/008.png,/content/benchmark_unetpp/masks/GarakutayaManta/008.png,1170,1654,0.5,0.31300368300003356,0.5590658842035211,0.5977850230295503,0.8961731675621157,0.7171805757126558,46204,31088,5353
GarakutayaManta,007,/content/data/raw/Manga109s_released_2026_05_21/images/GarakutayaManta/007.jpg,/content/data/groundtruth/post-processed/GarakutayaManta/007.png,/content/benchmark_unetpp/masks/GarakutayaManta/007.png,1170,1654,0.5,0.3140477299999702,0.18221327235286755,0.19068028668714432,0.804056428535569,0.3082578695639621,16016,67978,3903
HanzaiKousyouninMinegishiEitarou,000,/content/data/raw/Manga109s_released_2026_05_21/images/HanzaiKousyouninMinegishiEitarou/000.jpg,/content/data/groundtruth/post-processed/HanzaiKousyouninMinegishiEitarou/000.png,/content/benchmark_unetpp/masks/HanzaiKousyouninMinegishiEitarou/000.png,1170,1654,0.5,0.3153353139999808,0.619112419915847,0.6844366616720524,0.8664310254203073,0.7647553218670575,113739,52440,17534
HanzaiKousyouninMinegishiEitarou,005,/content/data/raw/Manga109s_released_2026_05_21/images/HanzaiKousyouninMinegishiEitarou/005.jpg,/content/data/groundtruth/post-processed/HanzaiKousyouninMinegishiEitarou/005.png,/content/benchmark_unetpp/masks/HanzaiKousyouninMinegishiEitarou/005.png,1170,1654,0.5,0.314586226000074,0.6135341577937967,0.6741085214990281,0.8722499059796917,0.7604848708411465,37109,17940,5435
HanzaiKousyouninMinegishiEitarou,003,/content/data/raw/Manga109s_released_2026_05_21/images/HanzaiKousyouninMinegishiEitarou/003.jpg,/content/data/groundtruth/post-processed/HanzaiKousyouninMinegishiEitarou/003.png,/content/benchmark_unetpp/masks/HanzaiKousyouninMinegishiEitarou/003.png,1170,1654,0.5,0.31531584100002874,0.3758464722868168,0.41800716193940773,0.7884213347627982,0.546349436303189,14708,20478,3947
HanzaiKousyouninMinegishiEitarou,009,/content/data/raw/Manga109s_released_2026_05_21/images/HanzaiKousyouninMinegishiEitarou/009.jpg,/content/data/groundtruth/post-processed/HanzaiKousyouninMinegishiEitarou/009.png,/content/benchmark_unetpp/masks/HanzaiKousyouninMinegishiEitarou/009.png,1170,1654,0.5,0.3150557140000956,0.5535157100355562,0.6130108088560292,0.8508170208019631,0.7125975057218926,30512,19262,5350
HanzaiKousyouninMinegishiEitarou,004,/content/data/raw/Manga109s_released_2026_05_21/images/HanzaiKousyouninMinegishiEitarou/004.jpg,/content/data/groundtruth/post-processed/HanzaiKousyouninMinegishiEitarou/004.png,/content/benchmark_unetpp/masks/HanzaiKousyouninMinegishiEitarou/004.png,1170,1654,0.5,0.3158197919999566,0.6503496503496503,0.7599184182493699,0.8185290907564436,0.7881355932203389,58497,18481,12969
HanzaiKousyouninMinegishiEitarou,006,/content/data/raw/Manga109s_released_2026_05_21/images/HanzaiKousyouninMinegishiEitarou/006.jpg,/content/data/groundtruth/post-processed/HanzaiKousyouninMinegishiEitarou/006.png,/content/benchmark_unetpp/masks/HanzaiKousyouninMinegishiEitarou/006.png,1170,1654,0.5,0.5394621899999947,0.7588864758144126,0.8400706367800819,0.8870406439523313,0.8629169491601526,96094,18294,12237
HanzaiKousyouninMinegishiEitarou,002,/content/data/raw/Manga109s_released_2026_05_21/images/HanzaiKousyouninMinegishiEitarou/002.jpg,/content/data/groundtruth/post-processed/HanzaiKousyouninMinegishiEitarou/002.png,/content/benchmark_unetpp/masks/HanzaiKousyouninMinegishiEitarou/002.png,1170,1654,0.5,0.3243019970000205,0.6644648394787316,0.7222379175637366,0.8925501432664756,0.7984125872996214,74137,28512,8925
HanzaiKousyouninMinegishiEitarou,001,/content/data/raw/Manga109s_released_2026_05_21/images/HanzaiKousyouninMinegishiEitarou/001.jpg,/content/data/groundtruth/post-processed/HanzaiKousyouninMinegishiEitarou/001.png,/content/benchmark_unetpp/masks/HanzaiKousyouninMinegishiEitarou/001.png,1170,1654,0.5,0.4986941070000057,0.8044909883145177,0.9213734830441194,0.8637922326483958,0.8916542044534691,97485,8319,15372
HanzaiKousyouninMinegishiEitarou,008,/content/data/raw/Manga109s_released_2026_05_21/images/HanzaiKousyouninMinegishiEitarou/008.jpg,/content/data/groundtruth/post-processed/HanzaiKousyouninMinegishiEitarou/008.png,/content/benchmark_unetpp/masks/HanzaiKousyouninMinegishiEitarou/008.png,1170,1654,0.5,0.31703547300003265,0.6106123493810682,0.6968615667125746,0.8314659894432825,0.7582362691006517,33395,14527,6769
HanzaiKousyouninMinegishiEitarou,007,/content/data/raw/Manga109s_released_2026_05_21/images/HanzaiKousyouninMinegishiEitarou/007.jpg,/content/data/groundtruth/post-processed/HanzaiKousyouninMinegishiEitarou/007.png,/content/benchmark_unetpp/masks/HanzaiKousyouninMinegishiEitarou/007.png,1170,1654,0.5,0.5500653090000469,0.45074412766720456,0.47934861370657106,0.8830885969226445,0.6213971424333811,25138,27304,3328
EverydayOsakanaChan,000,/content/data/raw/Manga109s_released_2026_05_21/images/EverydayOsakanaChan/000.jpg,/content/data/groundtruth/post-processed/EverydayOsakanaChan/000.png,/content/benchmark_unetpp/masks/EverydayOsakanaChan/000.png,1170,1654,0.5,0.31396273100006056,0.7893647138360129,0.8795847262112152,0.8850016580605429,0.8822848776801738,37363,5115,4855
EverydayOsakanaChan,005,/content/data/raw/Manga109s_released_2026_05_21/images/EverydayOsakanaChan/005.jpg,/content/data/groundtruth/post-processed/EverydayOsakanaChan/005.png,/content/benchmark_unetpp/masks/EverydayOsakanaChan/005.png,1170,1654,0.5,0.31441229699998985,0.5052772826500571,0.534988761185801,0.9009713591886294,0.6713411389036722,25229,21929,2773
EverydayOsakanaChan,003,/content/data/raw/Manga109s_released_2026_05_21/images/EverydayOsakanaChan/003.jpg,/content/data/groundtruth/post-processed/EverydayOsakanaChan/003.png,/content/benchmark_unetpp/masks/EverydayOsakanaChan/003.png,1170,1654,0.5,0.3149014879999186,0.32551382761218123,0.34914013421490875,0.8278922469406107,0.49115116090274397,21175,39474,4402
EverydayOsakanaChan,009,/content/data/raw/Manga109s_released_2026_05_21/images/EverydayOsakanaChan/009.jpg,/content/data/groundtruth/post-processed/EverydayOsakanaChan/009.png,/content/benchmark_unetpp/masks/EverydayOsakanaChan/009.png,1170,1654,0.5,0.3146419800000331,0.47254559245457245,0.49533324115044247,0.911282116509794,0.6418077577712085,14329,14599,1395
EverydayOsakanaChan,004,/content/data/raw/Manga109s_released_2026_05_21/images/EverydayOsakanaChan/004.jpg,/content/data/groundtruth/post-processed/EverydayOsakanaChan/004.png,/content/benchmark_unetpp/masks/EverydayOsakanaChan/004.png,1170,1654,0.5,0.3154070870000396,0.2265019805264493,0.2570928661602179,0.6555969727775895,0.3693462939688499,11608,33543,6098
EverydayOsakanaChan,006,/content/data/raw/Manga109s_released_2026_05_21/images/EverydayOsakanaChan/006.jpg,/content/data/groundtruth/post-processed/EverydayOsakanaChan/006.png,/content/benchmark_unetpp/masks/EverydayOsakanaChan/006.png,1170,1654,0.5,0.315742183999987,0.5099287969277446,0.5458242513787505,0.8857658342037793,0.6754342297004968,37312,31047,4812
EverydayOsakanaChan,002,/content/data/raw/Manga109s_released_2026_05_21/images/EverydayOsakanaChan/002.jpg,/content/data/groundtruth/post-processed/EverydayOsakanaChan/002.png,/content/benchmark_unetpp/masks/EverydayOsakanaChan/002.png,1170,1654,0.5,0.3141079589998981,0.40242846499265017,0.42004708058346296,0.9056099329345659,0.5739023059472188,19985,27593,2083
EverydayOsakanaChan,001,/content/data/raw/Manga109s_released_2026_05_21/images/EverydayOsakanaChan/001.jpg,/content/data/groundtruth/post-processed/EverydayOsakanaChan/001.png,/content/benchmark_unetpp/masks/EverydayOsakanaChan/001.png,1170,1654,0.5,0.3151987139999619,0.8724997098309282,0.9193624003750586,0.9448028823997654,0.9319090467679784,45103,3956,2635
EverydayOsakanaChan,008,/content/data/raw/Manga109s_released_2026_05_21/images/EverydayOsakanaChan/008.jpg,/content/data/groundtruth/post-processed/EverydayOsakanaChan/008.png,/content/benchmark_unetpp/masks/EverydayOsakanaChan/008.png,1170,1654,0.5,0.314568869000027,0.3745118597194998,0.40755684167011164,0.8220324850748758,0.5449379822680139,24647,35828,5336
EverydayOsakanaChan,007,/content/data/raw/Manga109s_released_2026_05_21/images/EverydayOsakanaChan/007.jpg,/content/data/groundtruth/post-processed/EverydayOsakanaChan/007.png,/content/benchmark_unetpp/masks/EverydayOsakanaChan/007.png,1170,1654,0.5,0.315524595999932,0.32386940432917444,0.3400319746952949,0.8720186924128202,0.4892769683627279,19780,38391,2903
TouyouKidan,000,/content/data/raw/Manga109s_released_2026_05_21/images/TouyouKidan/000.jpg,/content/data/groundtruth/post-processed/TouyouKidan/000.png,/content/benchmark_unetpp/masks/TouyouKidan/000.png,1170,1654,0.5,0.31606977299998107,0.8321952547069448,0.8668642484376007,0.954145746461294,0.9084132846311211,67273,10332,3233
TouyouKidan,005,/content/data/raw/Manga109s_released_2026_05_21/images/TouyouKidan/005.jpg,/content/data/groundtruth/post-processed/TouyouKidan/005.png,/content/benchmark_unetpp/masks/TouyouKidan/005.png,1170,1654,0.5,0.3160599990000037,0.5282782154865259,0.5682591093117408,0.8824712884567022,0.6913377553030801,10527,7998,1402
TouyouKidan,003,/content/data/raw/Manga109s_released_2026_05_21/images/TouyouKidan/003.jpg,/content/data/groundtruth/post-processed/TouyouKidan/003.png,/content/benchmark_unetpp/masks/TouyouKidan/003.png,1170,1654,0.5,0.3155330319999621,0.28918198400448997,0.3042852397298195,0.8535045035717983,0.4486286460600784,8244,18849,1415
TouyouKidan,009,/content/data/raw/Manga109s_released_2026_05_21/images/TouyouKidan/009.jpg,/content/data/groundtruth/post-processed/TouyouKidan/009.png,/content/benchmark_unetpp/masks/TouyouKidan/009.png,1170,1654,0.5,0.3163829339999893,0.2007851347814708,0.20662537032049555,0.876599634369287,0.3344230853057844,3836,14729,540
TouyouKidan,004,/content/data/raw/Manga109s_released_2026_05_21/images/TouyouKidan/004.jpg,/content/data/groundtruth/post-processed/TouyouKidan/004.png,/content/benchmark_unetpp/masks/TouyouKidan/004.png,1170,1654,0.5,0.31561556400004065,0.45895306859205776,0.5051656997536359,0.8338033711549813,0.6291539851038032,12713,12453,2534
TouyouKidan,006,/content/data/raw/Manga109s_released_2026_05_21/images/TouyouKidan/006.jpg,/content/data/groundtruth/post-processed/TouyouKidan/006.png,/content/benchmark_unetpp/masks/TouyouKidan/006.png,1170,1654,0.5,0.3163912160000564,0.6098684949983141,0.6759686059549022,0.8618170266836086,0.7576625008727221,21704,10404,3480
TouyouKidan,002,/content/data/raw/Manga109s_released_2026_05_21/images/TouyouKidan/002.jpg,/content/data/groundtruth/post-processed/TouyouKidan/002.png,/content/benchmark_unetpp/masks/TouyouKidan/002.png,1170,1654,0.5,0.308414254000013,0.2648191686258817,0.2845318714393206,0.7926336277885911,0.41874629226814314,5294,13312,1385
TouyouKidan,001,/content/data/raw/Manga109s_released_2026_05_21/images/TouyouKidan/001.jpg,/content/data/groundtruth/post-processed/TouyouKidan/001.png,/content/benchmark_unetpp/masks/TouyouKidan/001.png,1170,1654,0.5,0.31420629399997324,0.869286196802522,0.913851408474519,0.9468806391142102,0.9300728783954708,54047,5095,3032
TouyouKidan,008,/content/data/raw/Manga109s_released_2026_05_21/images/TouyouKidan/008.jpg,/content/data/groundtruth/post-processed/TouyouKidan/008.png,/content/benchmark_unetpp/masks/TouyouKidan/008.png,1170,1654,0.5,0.3150109129999237,0.37901215156892254,0.42848073944287857,0.7665122194966839,0.5496864565518365,16874,22507,5140
TouyouKidan,007,/content/data/raw/Manga109s_released_2026_05_21/images/TouyouKidan/007.jpg,/content/data/groundtruth/post-processed/TouyouKidan/007.png,/content/benchmark_unetpp/masks/TouyouKidan/007.png,1170,1654,0.5,0.3166582449999851,0.10599278876041278,0.10705764159236468,0.9142091152815014,0.1916699454780507,1705,14221,160
Donburakokko,000,/content/data/raw/Manga109s_released_2026_05_21/images/Donburakokko/000.jpg,/content/data/groundtruth/post-processed/Donburakokko/000.png,/content/benchmark_unetpp/masks/Donburakokko/000.png,1170,1654,0.5,0.3164627859999882,0.7044698295084216,0.8268725526710488,0.8263568230974297,0.8266146074425905,164288,34398,34522
Donburakokko,005,/content/data/raw/Manga109s_released_2026_05_21/images/Donburakokko/005.jpg,/content/data/groundtruth/post-processed/Donburakokko/005.png,/content/benchmark_unetpp/masks/Donburakokko/005.png,1170,1654,0.5,0.3168613909999749,0.3411220246282302,0.35173691060166185,0.9187222173799355,0.5087113899613901,21081,38853,1865
Donburakokko,003,/content/data/raw/Manga109s_released_2026_05_21/images/Donburakokko/003.jpg,/content/data/groundtruth/post-processed/Donburakokko/003.png,/content/benchmark_unetpp/masks/Donburakokko/003.png,1170,1654,0.5,0.31498423000005005,0.1969967412841633,0.20966954824316789,0.7652184975510463,0.3291516751713477,12030,45346,3691
Donburakokko,009,/content/data/raw/Manga109s_released_2026_05_21/images/Donburakokko/009.jpg,/content/data/groundtruth/post-processed/Donburakokko/009.png,/content/benchmark_unetpp/masks/Donburakokko/009.png,1170,1654,0.5,0.3182198790000257,0.10963388370423546,0.1114256529986867,0.8720877112836912,0.19760370571642988,3818,30447,560
Donburakokko,004,/content/data/raw/Manga109s_released_2026_05_21/images/Donburakokko/004.jpg,/content/data/groundtruth/post-processed/Donburakokko/004.png,/content/benchmark_unetpp/masks/Donburakokko/004.png,1170,1654,0.5,0.31756355899995015,0.35861850730075495,0.4148082302805302,0.7258337526876801,0.527916417115858,15866,22383,5993
Donburakokko,006,/content/data/raw/Manga109s_released_2026_05_21/images/Donburakokko/006.jpg,/content/data/groundtruth/post-processed/Donburakokko/006.png,/content/benchmark_unetpp/masks/Donburakokko/006.png,1170,1654,0.5,0.3176179050000201,0.10386666666666666,0.10736238595330633,0.7613369820172009,0.18818697910375648,3895,32384,1221
Donburakokko,002,/content/data/raw/Manga109s_released_2026_05_21/images/Donburakokko/002.jpg,/content/data/groundtruth/post-processed/Donburakokko/002.png,/content/benchmark_unetpp/masks/Donburakokko/002.png,1170,1654,0.5,0.3166030800000499,0.29930398135436287,0.31576731339261654,0.8516466045877811,0.4607143295941811,18749,40627,3266
Donburakokko,001,/content/data/raw/Manga109s_released_2026_05_21/images/Donburakokko/001.jpg,/content/data/groundtruth/post-processed/Donburakokko/001.png,/content/benchmark_unetpp/masks/Donburakokko/001.png,1170,1654,0.5,0.3169585030000235,0.8421444124369429,0.9478210572781101,0.8830853885099201,0.9143087879010351,62269,3428,8244
Donburakokko,008,/content/data/raw/Manga109s_released_2026_05_21/images/Donburakokko/008.jpg,/content/data/groundtruth/post-processed/Donburakokko/008.png,/content/benchmark_unetpp/masks/Donburakokko/008.png,1170,1654,0.5,0.3172238419999758,0.2753410002674512,0.3199744448665262,0.6637415380207028,0.43179196812414805,18531,39383,9388
Donburakokko,007,/content/data/raw/Manga109s_released_2026_05_21/images/Donburakokko/007.jpg,/content/data/groundtruth/post-processed/Donburakokko/007.png,/content/benchmark_unetpp/masks/Donburakokko/007.png,1170,1654,0.5,0.3171924380000064,0.6930652858158188,0.7431682090364725,0.9113484646194927,0.8187106446776612,81912,28308,7968
UchuKigekiM774,000,/content/data/raw/Manga109s_released_2026_05_21/images/UchuKigekiM774/000.jpg,/content/data/groundtruth/post-processed/UchuKigekiM774/000.png,/content/benchmark_unetpp/masks/UchuKigekiM774/000.png,1170,1654,0.5,0.318526238000004,0.651314105475233,0.7244007714206998,0.8658711950734915,0.7888433863862512,78880,30010,12219
UchuKigekiM774,005,/content/data/raw/Manga109s_released_2026_05_21/images/UchuKigekiM774/005.jpg,/content/data/groundtruth/post-processed/UchuKigekiM774/005.png,/content/benchmark_unetpp/masks/UchuKigekiM774/005.png,1170,1654,0.5,0.3165996870000072,0.537631475250826,0.57338203918019,0.896079620086895,0.6992982179466961,53211,39591,6171
UchuKigekiM774,003,/content/data/raw/Manga109s_released_2026_05_21/images/UchuKigekiM774/003.jpg,/content/data/groundtruth/post-processed/UchuKigekiM774/003.png,/content/benchmark_unetpp/masks/UchuKigekiM774/003.png,1170,1654,0.5,0.31772421900006975,0.4748521433110123,0.49487214317247935,0.9214936132540786,0.6439318618678332,29145,29749,2483
UchuKigekiM774,009,/content/data/raw/Manga109s_released_2026_05_21/images/UchuKigekiM774/009.jpg,/content/data/groundtruth/post-processed/UchuKigekiM774/009.png,/content/benchmark_unetpp/masks/UchuKigekiM774/009.png,1170,1654,0.5,0.3168812210000169,0.4544545407521079,0.47842660325643027,0.9006937087790042,0.6249140526827418,26357,28734,2906
UchuKigekiM774,004,/content/data/raw/Manga109s_released_2026_05_21/images/UchuKigekiM774/004.jpg,/content/data/groundtruth/post-processed/UchuKigekiM774/004.png,/content/benchmark_unetpp/masks/UchuKigekiM774/004.png,1170,1654,0.5,0.3149337889999515,0.10245453440803597,0.10511334122878098,0.801997463538364,0.185866230688686,5059,43070,1249
UchuKigekiM774,006,/content/data/raw/Manga109s_released_2026_05_21/images/UchuKigekiM774/006.jpg,/content/data/groundtruth/post-processed/UchuKigekiM774/006.png,/content/benchmark_unetpp/masks/UchuKigekiM774/006.png,1170,1654,0.5,0.31491448799999944,0.16286114753357145,0.1664548626354583,0.8829513420762348,0.2801042031183172,7204,36075,955
UchuKigekiM774,002,/content/data/raw/Manga109s_released_2026_05_21/images/UchuKigekiM774/002.jpg,/content/data/groundtruth/post-processed/UchuKigekiM774/002.png,/content/benchmark_unetpp/masks/UchuKigekiM774/002.png,1170,1654,0.5,0.31557652599997255,0.7320031731049234,0.8194100984667956,0.8728104309095917,0.8452677044380671,72898,16066,10623
UchuKigekiM774,001,/content/data/raw/Manga109s_released_2026_05_21/images/UchuKigekiM774/001.jpg,/content/data/groundtruth/post-processed/UchuKigekiM774/001.png,/content/benchmark_unetpp/masks/UchuKigekiM774/001.png,1170,1654,0.5,0.3160103139999819,0.8680134830957367,0.9579903596588802,0.9023609397192018,0.9293439163589277,77511,3399,8387
UchuKigekiM774,008,/content/data/raw/Manga109s_released_2026_05_21/images/UchuKigekiM774/008.jpg,/content/data/groundtruth/post-processed/UchuKigekiM774/008.png,/content/benchmark_unetpp/masks/UchuKigekiM774/008.png,1170,1654,0.5,0.31792624199999864,0.625081688198838,0.6921718938863796,0.8657535881598186,0.7692926364725068,87042,38710,13497
UchuKigekiM774,007,/content/data/raw/Manga109s_released_2026_05_21/images/UchuKigekiM774/007.jpg,/content/data/groundtruth/post-processed/UchuKigekiM774/007.png,/content/benchmark_unetpp/masks/UchuKigekiM774/007.png,1170,1654,0.5,0.31709811999996873,0.21604137764642017,0.2242763889106307,0.8547309390287555,0.35531912255248443,14327,49554,2435
UnbalanceTokyo,000,/content/data/raw/Manga109s_released_2026_05_21/images/UnbalanceTokyo/000.jpg,/content/data/groundtruth/post-processed/UnbalanceTokyo/000.png,/content/benchmark_unetpp/masks/UnbalanceTokyo/000.png,1170,1654,0.5,0.31767718499997954,0.7884891720393189,0.8980650020276925,0.8659934917110096,0.8817377084148031,62006,7038,9595
UnbalanceTokyo,005,/content/data/raw/Manga109s_released_2026_05_21/images/UnbalanceTokyo/005.jpg,/content/data/groundtruth/post-processed/UnbalanceTokyo/005.png,/content/benchmark_unetpp/masks/UnbalanceTokyo/005.png,1170,1654,0.5,0.3168056649999471,0.0937154950312845,0.10062737736501506,0.5770538243626062,0.1713708829344214,2037,18206,1493
UnbalanceTokyo,003,/content/data/raw/Manga109s_released_2026_05_21/images/UnbalanceTokyo/003.jpg,/content/data/groundtruth/post-processed/UnbalanceTokyo/003.png,/content/benchmark_unetpp/masks/UnbalanceTokyo/003.png,1170,1654,0.5,0.3167462630000273,0.2697409828128782,0.2972576428533319,0.7445045767354848,0.4248756029207099,11143,26343,3824
UnbalanceTokyo,009,/content/data/raw/Manga109s_released_2026_05_21/images/UnbalanceTokyo/009.jpg,/content/data/groundtruth/post-processed/UnbalanceTokyo/009.png,/content/benchmark_unetpp/masks/UnbalanceTokyo/009.png,1170,1654,0.5,0.31886854999993375,0.12991417207452377,0.13636563392660953,0.7330498464446019,0.2299540536534756,3103,19652,1130
UnbalanceTokyo,004,/content/data/raw/Manga109s_released_2026_05_21/images/UnbalanceTokyo/004.jpg,/content/data/groundtruth/post-processed/UnbalanceTokyo/004.png,/content/benchmark_unetpp/masks/UnbalanceTokyo/004.png,1170,1654,0.5,0.31801776700001483,0.188344348838176,0.20127043354655294,0.7457208689927584,0.3169861480341402,9062,35962,3090
UnbalanceTokyo,006,/content/data/raw/Manga109s_released_2026_05_21/images/UnbalanceTokyo/006.jpg,/content/data/groundtruth/post-processed/UnbalanceTokyo/006.png,/content/benchmark_unetpp/masks/UnbalanceTokyo/006.png,1170,1654,0.5,0.3184778339999639,0.012120808497885518,0.012149127198691632,0.8387096774193549,0.02395130778088501,364,29597,70
UnbalanceTokyo,002,/content/data/raw/Manga109s_released_2026_05_21/images/UnbalanceTokyo/002.jpg,/content/data/groundtruth/post-processed/UnbalanceTokyo/002.png,/content/benchmark_unetpp/masks/UnbalanceTokyo/002.png,1170,1654,0.5,0.31493850899994413,0.7930951867557919,0.8954016770354342,0.8740758343895226,0.8846102455840305,33103,3867,4769
UnbalanceTokyo,001,/content/data/raw/Manga109s_released_2026_05_21/images/UnbalanceTokyo/001.jpg,/content/data/groundtruth/post-processed/UnbalanceTokyo/001.png,/content/benchmark_unetpp/masks/UnbalanceTokyo/001.png,1170,1654,0.5,0.31734745599999314,0.8270797475616752,0.8750275901646581,0.9378644681278906,0.9053570307102933,79288,11324,5253
UnbalanceTokyo,008,/content/data/raw/Manga109s_released_2026_05_21/images/UnbalanceTokyo/008.jpg,/content/data/groundtruth/post-processed/UnbalanceTokyo/008.png,/content/benchmark_unetpp/masks/UnbalanceTokyo/008.png,1170,1654,0.5,0.31740045000003647,0.06215498385584835,0.06402725248786245,0.68005698005698,0.1170356206025839,2387,34894,1123
UnbalanceTokyo,007,/content/data/raw/Manga109s_released_2026_05_21/images/UnbalanceTokyo/007.jpg,/content/data/groundtruth/post-processed/UnbalanceTokyo/007.png,/content/benchmark_unetpp/masks/UnbalanceTokyo/007.png,1170,1654,0.5,0.31731979100004537,0.2780006560189741,0.28552178081836793,0.9134471895208092,0.43505557639533277,11018,27571,1044
ToutaMairimasu,000,/content/data/raw/Manga109s_released_2026_05_21/images/ToutaMairimasu/000.jpg,/content/data/groundtruth/post-processed/ToutaMairimasu/000.png,/content/benchmark_unetpp/masks/ToutaMairimasu/000.png,1170,1654,0.5,0.3177628349999395,0.8009531642703823,0.9411382409493311,0.8431921511601597,0.8894769504956797,279487,17480,51976
ToutaMairimasu,005,/content/data/raw/Manga109s_released_2026_05_21/images/ToutaMairimasu/005.jpg,/content/data/groundtruth/post-processed/ToutaMairimasu/005.png,/content/benchmark_unetpp/masks/ToutaMairimasu/005.png,1170,1654,0.5,0.3171168650000027,0.28010015240583497,0.3064554549785612,0.7650906928337794,0.4376222467896929,10292,23292,3160
ToutaMairimasu,003,/content/data/raw/Manga109s_released_2026_05_21/images/ToutaMairimasu/003.jpg,/content/data/groundtruth/post-processed/ToutaMairimasu/003.png,/content/benchmark_unetpp/masks/ToutaMairimasu/003.png,1170,1654,0.5,0.3156538540000611,0.6718474906764099,0.720705901466228,0.9083439979523932,0.8037186339342332,35489,13753,3581
ToutaMairimasu,009,/content/data/raw/Manga109s_released_2026_05_21/images/ToutaMairimasu/009.jpg,/content/data/groundtruth/post-processed/ToutaMairimasu/009.png,/content/benchmark_unetpp/masks/ToutaMairimasu/009.png,1170,1654,0.5,0.31832704800001466,0.6164577079286597,0.7522490976674029,0.77350024926605,0.7627266768625738,13964,4599,4089
ToutaMairimasu,004,/content/data/raw/Manga109s_released_2026_05_21/images/ToutaMairimasu/004.jpg,/content/data/groundtruth/post-processed/ToutaMairimasu/004.png,/content/benchmark_unetpp/masks/ToutaMairimasu/004.png,1170,1654,0.5,0.318683845999999,0.4153117290872393,0.44789430722254137,0.8509477311889718,0.5868837522530553,14815,18262,2595
ToutaMairimasu,006,/content/data/raw/Manga109s_released_2026_05_21/images/ToutaMairimasu/006.jpg,/content/data/groundtruth/post-processed/ToutaMairimasu/006.png,/content/benchmark_unetpp/masks/ToutaMairimasu/006.png,1170,1654,0.5,0.3198427019999599,0.34574517518044673,0.38381649987963823,0.7770660725475179,0.5138345380046959,11161,17918,3202
ToutaMairimasu,002,/content/data/raw/Manga109s_released_2026_05_21/images/ToutaMairimasu/002.jpg,/content/data/groundtruth/post-processed/ToutaMairimasu/002.png,/content/benchmark_unetpp/masks/ToutaMairimasu/002.png,1170,1654,0.5,0.31739529799995125,0.5865897928678198,0.6736295338520186,0.819488514631302,0.7394347240915209,30217,14640,6656
ToutaMairimasu,001,/content/data/raw/Manga109s_released_2026_05_21/images/ToutaMairimasu/001.jpg,/content/data/groundtruth/post-processed/ToutaMairimasu/001.png,/content/benchmark_unetpp/masks/ToutaMairimasu/001.png,1170,1654,0.5,0.31676007999999456,0.496520163026607,0.6444455997608495,0.683856285773395,0.663566285698991,49583,27356,22922
ToutaMairimasu,008,/content/data/raw/Manga109s_released_2026_05_21/images/ToutaMairimasu/008.jpg,/content/data/groundtruth/post-processed/ToutaMairimasu/008.png,/content/benchmark_unetpp/masks/ToutaMairimasu/008.png,1170,1654,0.5,0.31908543199995165,0.1257647858599592,0.13465121695586352,0.6558423142370958,0.22342995169082128,4625,29723,2427
ToutaMairimasu,007,/content/data/raw/Manga109s_released_2026_05_21/images/ToutaMairimasu/007.jpg,/content/data/groundtruth/post-processed/ToutaMairimasu/007.png,/content/benchmark_unetpp/masks/ToutaMairimasu/007.png,1170,1654,0.5,0.31841246799990586,0.0,0.0,0.0,0.0,0,23007,974
AosugiruHaru,000,/content/data/raw/Manga109s_released_2026_05_21/images/AosugiruHaru/000.jpg,/content/data/groundtruth/post-processed/AosugiruHaru/000.png,/content/benchmark_unetpp/masks/AosugiruHaru/000.png,1170,1654,0.5,0.3160432290000017,0.6611361425712465,0.7302116519720432,0.8748280198239515,0.7960047652059202,59134,21848,8461
AosugiruHaru,005,/content/data/raw/Manga109s_released_2026_05_21/images/AosugiruHaru/005.jpg,/content/data/groundtruth/post-processed/AosugiruHaru/005.png,/content/benchmark_unetpp/masks/AosugiruHaru/005.png,1170,1654,0.5,0.31764874099997087,0.3852836267403061,0.4208508766417395,0.8201077638990938,0.5562523360604676,6697,9216,1469
AosugiruHaru,003,/content/data/raw/Manga109s_released_2026_05_21/images/AosugiruHaru/003.jpg,/content/data/groundtruth/post-processed/AosugiruHaru/003.png,/content/benchmark_unetpp/masks/AosugiruHaru/003.png,1170,1654,0.5,0.3200962299999901,0.4808752704683465,0.5408619877531795,0.8125847732499852,0.6494473640798435,13779,11697,3178
AosugiruHaru,009,/content/data/raw/Manga109s_released_2026_05_21/images/AosugiruHaru/009.jpg,/content/data/groundtruth/post-processed/AosugiruHaru/009.png,/content/benchmark_unetpp/masks/AosugiruHaru/009.png,1170,1654,0.5,0.3189181390000613,0.3083807973962571,0.3104860731840524,0.9784853700516352,0.4713930348258706,2274,5050,50
AosugiruHaru,004,/content/data/raw/Manga109s_released_2026_05_21/images/AosugiruHaru/004.jpg,/content/data/groundtruth/post-processed/AosugiruHaru/004.png,/content/benchmark_unetpp/masks/AosugiruHaru/004.png,1170,1654,0.5,0.31834990999993806,0.31673698202623823,0.33661937227443034,0.8428296808919646,0.48109377400311626,10961,21601,2044
AosugiruHaru,006,/content/data/raw/Manga109s_released_2026_05_21/images/AosugiruHaru/006.jpg,/content/data/groundtruth/post-processed/AosugiruHaru/006.png,/content/benchmark_unetpp/masks/AosugiruHaru/006.png,1170,1654,0.5,0.3186049830000002,0.24597364568081992,0.29402041808458923,0.6008344923504868,0.3948296122209166,3024,7261,2009
AosugiruHaru,002,/content/data/raw/Manga109s_released_2026_05_21/images/AosugiruHaru/002.jpg,/content/data/groundtruth/post-processed/AosugiruHaru/002.png,/content/benchmark_unetpp/masks/AosugiruHaru/002.png,1170,1654,0.5,0.32160286999999244,0.5424601751654149,0.8547484520123839,0.5975434562056138,0.7033700887703516,220867,37533,148758
AosugiruHaru,001,/content/data/raw/Manga109s_released_2026_05_21/images/AosugiruHaru/001.jpg,/content/data/groundtruth/post-processed/AosugiruHaru/001.png,/content/benchmark_unetpp/masks/AosugiruHaru/001.png,1170,1654,0.5,0.31513621400006286,0.851660315732172,0.9582287009248485,0.8844979647218453,0.9198882845803322,15645,682,2043
AosugiruHaru,008,/content/data/raw/Manga109s_released_2026_05_21/images/AosugiruHaru/008.jpg,/content/data/groundtruth/post-processed/AosugiruHaru/008.png,/content/benchmark_unetpp/masks/AosugiruHaru/008.png,1170,1654,0.5,0.3190790980000884,0.3007667198056631,0.32245462684137705,0.8172442244224423,0.46244528742340235,3962,8325,886
AosugiruHaru,007,/content/data/raw/Manga109s_released_2026_05_21/images/AosugiruHaru/007.jpg,/content/data/groundtruth/post-processed/AosugiruHaru/007.png,/content/benchmark_unetpp/masks/AosugiruHaru/007.png,1170,1654,0.5,0.31905957899994064,0.7443565749365847,0.8811728784476015,0.8274097241967586,0.8534454315496194,34920,4709,7284
Arisa,000,/content/data/raw/Manga109s_released_2026_05_21/images/Arisa/000.jpg,/content/data/groundtruth/post-processed/Arisa/000.png,/content/benchmark_unetpp/masks/Arisa/000.png,1170,1654,0.5,0.3197553229999812,0.7452572832719019,0.8099214701156449,0.9032355761950431,0.8540371559140426,107364,25197,11502
Arisa,005,/content/data/raw/Manga109s_released_2026_05_21/images/Arisa/005.jpg,/content/data/groundtruth/post-processed/Arisa/005.png,/content/benchmark_unetpp/masks/Arisa/005.png,1170,1654,0.5,0.31990202500003306,0.18421110597149717,0.18682840739003195,0.9293254806089566,0.31111193779993307,8363,36400,636
Arisa,003,/content/data/raw/Manga109s_released_2026_05_21/images/Arisa/003.jpg,/content/data/groundtruth/post-processed/Arisa/003.png,/content/benchmark_unetpp/masks/Arisa/003.png,1170,1654,0.5,0.32048225599999114,0.10984221444586467,0.112169131020906,0.8411424903722722,0.19794203719437364,5242,41491,990
Arisa,009,/content/data/raw/Manga109s_released_2026_05_21/images/Arisa/009.jpg,/content/data/groundtruth/post-processed/Arisa/009.png,/content/benchmark_unetpp/masks/Arisa/009.png,1170,1654,0.5,0.3205100789999733,0.09970928831853006,0.10092667858884734,0.8920821957177756,0.18133753961646876,6208,55302,751
Arisa,004,/content/data/raw/Manga109s_released_2026_05_21/images/Arisa/004.jpg,/content/data/groundtruth/post-processed/Arisa/004.png,/content/benchmark_unetpp/masks/Arisa/004.png,1170,1654,0.5,0.31911644299998443,0.610245191869474,0.68167471032643,0.8534533309537771,0.757953130306804,33475,15632,5748
Arisa,006,/content/data/raw/Manga109s_released_2026_05_21/images/Arisa/006.jpg,/content/data/groundtruth/post-processed/Arisa/006.png,/content/benchmark_unetpp/masks/Arisa/006.png,1170,1654,0.5,0.3214077540000062,0.5316380390618077,0.5490542112762592,0.9436942503426428,0.6942084559188126,42001,34496,2506
Arisa,002,/content/data/raw/Manga109s_released_2026_05_21/images/Arisa/002.jpg,/content/data/groundtruth/post-processed/Arisa/002.png,/content/benchmark_unetpp/masks/Arisa/002.png,1170,1654,0.5,0.32088881200002106,0.6579871230091494,0.7538201130505,0.8380753427022548,0.79371801370199,48543,15853,9379
Arisa,001,/content/data/raw/Manga109s_released_2026_05_21/images/Arisa/001.jpg,/content/data/groundtruth/post-processed/Arisa/001.png,/content/benchmark_unetpp/masks/Arisa/001.png,1170,1654,0.5,0.319423856999947,0.7102463112103933,0.8865245624977071,0.7812732387080087,0.8305778022204654,96656,12372,27060
Arisa,008,/content/data/raw/Manga109s_released_2026_05_21/images/Arisa/008.jpg,/content/data/groundtruth/post-processed/Arisa/008.png,/content/benchmark_unetpp/masks/Arisa/008.png,1170,1654,0.5,0.3197940430000017,0.3644807411019015,0.4057919878406253,0.7816698907303812,0.5342409462042844,14951,21893,4176
Arisa,007,/content/data/raw/Manga109s_released_2026_05_21/images/Arisa/007.jpg,/content/data/groundtruth/post-processed/Arisa/007.png,/content/benchmark_unetpp/masks/Arisa/007.png,1170,1654,0.5,0.31931109999993623,0.3378737809301201,0.3492266251978562,0.9122297983461483,0.5050906681125369,12576,23435,1210
YamatoNoHane,000,/content/data/raw/Manga109s_released_2026_05_21/images/YamatoNoHane/000.jpg,/content/data/groundtruth/post-processed/YamatoNoHane/000.png,/content/benchmark_unetpp/masks/YamatoNoHane/000.png,1170,1654,0.5,0.321283827000002,0.760374705613554,0.8288338339872486,0.902016954594545,0.8638782449995906,216319,44673,23498
YamatoNoHane,005,/content/data/raw/Manga109s_released_2026_05_21/images/YamatoNoHane/005.jpg,/content/data/groundtruth/post-processed/YamatoNoHane/005.png,/content/benchmark_unetpp/masks/YamatoNoHane/005.png,1170,1654,0.5,0.3194193140000152,0.4858394486453305,0.5577015470356491,0.7903767589650477,0.653959550055398,17412,13809,4618
YamatoNoHane,003,/content/data/raw/Manga109s_released_2026_05_21/images/YamatoNoHane/003.jpg,/content/data/groundtruth/post-processed/YamatoNoHane/003.png,/content/benchmark_unetpp/masks/YamatoNoHane/003.png,1170,1654,0.5,0.31894035400000575,0.13152853681897572,0.15147287827666753,0.4997324199935781,0.23247939851121568,4669,26155,4674
YamatoNoHane,009,/content/data/raw/Manga109s_released_2026_05_21/images/YamatoNoHane/009.jpg,/content/data/groundtruth/post-processed/YamatoNoHane/009.png,/content/benchmark_unetpp/masks/YamatoNoHane/009.png,1170,1654,0.5,0.321622906000016,0.16646661191483986,0.17010974822466107,0.8860121049092132,0.2854202772963605,2635,12855,339
YamatoNoHane,004,/content/data/raw/Manga109s_released_2026_05_21/images/YamatoNoHane/004.jpg,/content/data/groundtruth/post-processed/YamatoNoHane/004.png,/content/benchmark_unetpp/masks/YamatoNoHane/004.png,1170,1654,0.5,0.3204303139999638,0.4121043627031651,0.6003738705992315,0.5678781925343811,0.5836740875359685,11562,7696,8798
YamatoNoHane,006,/content/data/raw/Manga109s_released_2026_05_21/images/YamatoNoHane/006.jpg,/content/data/groundtruth/post-processed/YamatoNoHane/006.png,/content/benchmark_unetpp/masks/YamatoNoHane/006.png,1170,1654,0.5,0.32146301199998106,0.11221083225325007,0.11837580277605138,0.6830026296916089,0.20177978670810084,2857,21278,1326
YamatoNoHane,002,/content/data/raw/Manga109s_released_2026_05_21/images/YamatoNoHane/002.jpg,/content/data/groundtruth/post-processed/YamatoNoHane/002.png,/content/benchmark_unetpp/masks/YamatoNoHane/002.png,1170,1654,0.5,0.3212134310000465,0.7612045107191541,0.8563197026022304,0.8726618364350996,0.8644135375378192,18428,3092,2689
YamatoNoHane,001,/content/data/raw/Manga109s_released_2026_05_21/images/YamatoNoHane/001.jpg,/content/data/groundtruth/post-processed/YamatoNoHane/001.png,/content/benchmark_unetpp/masks/YamatoNoHane/001.png,1170,1654,0.5,0.3197007820000408,0.5885670545584326,0.7172254745431967,0.7664126898710956,0.7410037276922303,125333,49414,38199
YamatoNoHane,008,/content/data/raw/Manga109s_released_2026_05_21/images/YamatoNoHane/008.jpg,/content/data/groundtruth/post-processed/YamatoNoHane/008.png,/content/benchmark_unetpp/masks/YamatoNoHane/008.png,1170,1654,0.5,0.31930036300002484,0.26518424396442186,0.27822029661723047,0.8498422070650514,0.41920257105553876,8348,21657,1475
YamatoNoHane,007,/content/data/raw/Manga109s_released_2026_05_21/images/YamatoNoHane/007.jpg,/content/data/groundtruth/post-processed/YamatoNoHane/007.png,/content/benchmark_unetpp/masks/YamatoNoHane/007.png,1170,1654,0.5,0.3206462820000979,0.02878762259046331,0.029371172259121885,0.5916594265855778,0.05596416978263549,681,22505,470
GakuenNoise,000,/content/data/raw/Manga109s_released_2026_05_21/images/GakuenNoise/000.jpg,/content/data/groundtruth/post-processed/GakuenNoise/000.png,/content/benchmark_unetpp/masks/GakuenNoise/000.png,1170,1654,0.5,0.3215048009999464,0.7924613000854367,0.8214438498660322,0.9573751563552391,0.8842157987429513,109450,23791,4873
GakuenNoise,005,/content/data/raw/Manga109s_released_2026_05_21/images/GakuenNoise/005.jpg,/content/data/groundtruth/post-processed/GakuenNoise/005.png,/content/benchmark_unetpp/masks/GakuenNoise/005.png,1170,1654,0.5,0.3197327640000367,0.12463017036335157,0.13621185222757629,0.5944475189079506,0.22163760789573234,6445,40871,4397
GakuenNoise,003,/content/data/raw/Manga109s_released_2026_05_21/images/GakuenNoise/003.jpg,/content/data/groundtruth/post-processed/GakuenNoise/003.png,/content/benchmark_unetpp/masks/GakuenNoise/003.png,1170,1654,0.5,0.320508944999915,0.5703852863665045,0.599941437704358,0.9204953875643944,0.7264271912356483,61467,40988,5309
GakuenNoise,009,/content/data/raw/Manga109s_released_2026_05_21/images/GakuenNoise/009.jpg,/content/data/groundtruth/post-processed/GakuenNoise/009.png,/content/benchmark_unetpp/masks/GakuenNoise/009.png,1170,1654,0.5,0.3214102230000435,0.6879574832580595,0.8016468933602523,0.8290868993993994,0.8151360328462524,35339,8744,7285
GakuenNoise,004,/content/data/raw/Manga109s_released_2026_05_21/images/GakuenNoise/004.jpg,/content/data/groundtruth/post-processed/GakuenNoise/004.png,/content/benchmark_unetpp/masks/GakuenNoise/004.png,1170,1654,0.5,0.32056799800000135,0.5820386922582823,0.6190955937699033,0.9067503392130258,0.7358084161992912,53462,32893,5498
GakuenNoise,006,/content/data/raw/Manga109s_released_2026_05_21/images/GakuenNoise/006.jpg,/content/data/groundtruth/post-processed/GakuenNoise/006.png,/content/benchmark_unetpp/masks/GakuenNoise/006.png,1170,1654,0.5,0.3219162050000932,0.5737689941837449,0.6212638277527738,0.882425945439644,0.7291654573247422,37684,22973,5021
GakuenNoise,002,/content/data/raw/Manga109s_released_2026_05_21/images/GakuenNoise/002.jpg,/content/data/groundtruth/post-processed/GakuenNoise/002.png,/content/benchmark_unetpp/masks/GakuenNoise/002.png,1170,1654,0.5,0.3183195029999979,0.6321094430833484,0.6711066110364331,0.9158110393787073,0.7745919806568607,38443,18840,3534
GakuenNoise,001,/content/data/raw/Manga109s_released_2026_05_21/images/GakuenNoise/001.jpg,/content/data/groundtruth/post-processed/GakuenNoise/001.png,/content/benchmark_unetpp/masks/GakuenNoise/001.png,1170,1654,0.5,0.32146357200008424,0.5662061413377736,0.6298286305461462,0.8486027113918928,0.7230288866753505,37745,22184,6734
GakuenNoise,008,/content/data/raw/Manga109s_released_2026_05_21/images/GakuenNoise/008.jpg,/content/data/groundtruth/post-processed/GakuenNoise/008.png,/content/benchmark_unetpp/masks/GakuenNoise/008.png,1170,1654,0.5,0.32189104700000826,0.7576746056570892,0.8275256222547585,0.8997612098699921,0.8621329604677769,16956,3534,1889
GakuenNoise,007,/content/data/raw/Manga109s_released_2026_05_21/images/GakuenNoise/007.jpg,/content/data/groundtruth/post-processed/GakuenNoise/007.png,/content/benchmark_unetpp/masks/GakuenNoise/007.png,1170,1654,0.5,0.3213451269999723,0.7052440997457562,0.8231124299373558,0.8312220961029133,0.8271473859383589,54923,11803,11152
UchiNoNyan'sDiary,000,/content/data/raw/Manga109s_released_2026_05_21/images/UchiNoNyan'sDiary/000.jpg,/content/data/groundtruth/post-processed/UchiNoNyan'sDiary/000.png,/content/benchmark_unetpp/masks/UchiNoNyan'sDiary/000.png,1170,1654,0.5,0.31994133099999544,0.640598470446531,0.6559284382267064,0.9648005070650333,0.7809326681527085,88286,46311,3221
UchiNoNyan'sDiary,005,/content/data/raw/Manga109s_released_2026_05_21/images/UchiNoNyan'sDiary/005.jpg,/content/data/groundtruth/post-processed/UchiNoNyan'sDiary/005.png,/content/benchmark_unetpp/masks/UchiNoNyan'sDiary/005.png,1170,1654,0.5,0.32090100400000665,0.02481117161426313,0.02505321035828308,0.7197452229299363,0.048420962420191116,1130,43974,440
UchiNoNyan'sDiary,003,/content/data/raw/Manga109s_released_2026_05_21/images/UchiNoNyan'sDiary/003.jpg,/content/data/groundtruth/post-processed/UchiNoNyan'sDiary/003.png,/content/benchmark_unetpp/masks/UchiNoNyan'sDiary/003.png,1170,1654,0.5,0.32301401400002305,0.38734347757172294,0.4163826887033566,0.847420892934547,0.5583959327068635,9775,13701,1760
UchiNoNyan'sDiary,009,/content/data/raw/Manga109s_released_2026_05_21/images/UchiNoNyan'sDiary/009.jpg,/content/data/groundtruth/post-processed/UchiNoNyan'sDiary/009.png,/content/benchmark_unetpp/masks/UchiNoNyan'sDiary/009.png,1170,1654,0.5,0.32244380999998157,0.8022496629054006,0.8768616196090598,0.904106850081977,0.8902758362702052,22609,3175,2398
UchiNoNyan'sDiary,004,/content/data/raw/Manga109s_released_2026_05_21/images/UchiNoNyan'sDiary/004.jpg,/content/data/groundtruth/post-processed/UchiNoNyan'sDiary/004.png,/content/benchmark_unetpp/masks/UchiNoNyan'sDiary/004.png,1170,1654,0.5,0.3226236240000162,0.21282810187709322,0.21830310777342815,0.8945817646095924,0.35096169283627143,5465,19569,644
UchiNoNyan'sDiary,006,/content/data/raw/Manga109s_released_2026_05_21/images/UchiNoNyan'sDiary/006.jpg,/content/data/groundtruth/post-processed/UchiNoNyan'sDiary/006.png,/content/benchmark_unetpp/masks/UchiNoNyan'sDiary/006.png,1170,1654,0.5,0.3202835680000362,0.5692661120079473,0.6348302937144281,0.8464364844903988,0.725518900398028,45843,26370,8317
UchiNoNyan'sDiary,002,/content/data/raw/Manga109s_released_2026_05_21/images/UchiNoNyan'sDiary/002.jpg,/content/data/groundtruth/post-processed/UchiNoNyan'sDiary/002.png,/content/benchmark_unetpp/masks/UchiNoNyan'sDiary/002.png,1170,1654,0.5,0.32257359400000496,0.6179042664247942,0.6462386569060873,0.9337436640115858,0.7638329155163478,36106,19765,2562
UchiNoNyan'sDiary,001,/content/data/raw/Manga109s_released_2026_05_21/images/UchiNoNyan'sDiary/001.jpg,/content/data/groundtruth/post-processed/UchiNoNyan'sDiary/001.png,/content/benchmark_unetpp/masks/UchiNoNyan'sDiary/001.png,1170,1654,0.5,0.32230968199996823,0.41179266582693635,0.41923542221146864,0.9586699125816089,0.5833613898054003,17327,24003,747
UchiNoNyan'sDiary,008,/content/data/raw/Manga109s_released_2026_05_21/images/UchiNoNyan'sDiary/008.jpg,/content/data/groundtruth/post-processed/UchiNoNyan'sDiary/008.png,/content/benchmark_unetpp/masks/UchiNoNyan'sDiary/008.png,1170,1654,0.5,0.32010595199994896,0.5713517921346232,0.6185718011998635,0.8821391782076228,0.7272105393515514,30829,19010,4119
UchiNoNyan'sDiary,007,/content/data/raw/Manga109s_released_2026_05_21/images/UchiNoNyan'sDiary/007.jpg,/content/data/groundtruth/post-processed/UchiNoNyan'sDiary/007.png,/content/benchmark_unetpp/masks/UchiNoNyan'sDiary/007.png,1170,1654,0.5,0.3205274089999648,0.346527799628709,0.3751021798365123,0.8197856185797231,0.5146983221947001,11013,18347,2421
HaruichibanNoFukukoro,000,/content/data/raw/Manga109s_released_2026_05_21/images/HaruichibanNoFukukoro/000.jpg,/content/data/groundtruth/post-processed/HaruichibanNoFukukoro/000.png,/content/benchmark_unetpp/masks/HaruichibanNoFukukoro/000.png,1170,1654,0.5,0.31885796599999594,0.8755976255414728,0.9194999494558075,0.9482902418682235,0.9336732075342583,163728,14334,8928
HaruichibanNoFukukoro,005,/content/data/raw/Manga109s_released_2026_05_21/images/HaruichibanNoFukukoro/005.jpg,/content/data/groundtruth/post-processed/HaruichibanNoFukukoro/005.png,/content/benchmark_unetpp/masks/HaruichibanNoFukukoro/005.png,1170,1654,0.5,0.32151302700003725,0.5955332160085082,0.6657466774234639,0.8495493705636932,0.7465005554673861,47037,23616,8330
HaruichibanNoFukukoro,003,/content/data/raw/Manga109s_released_2026_05_21/images/HaruichibanNoFukukoro/003.jpg,/content/data/groundtruth/post-processed/HaruichibanNoFukukoro/003.png,/content/benchmark_unetpp/masks/HaruichibanNoFukukoro/003.png,1170,1654,0.5,0.3212172800000417,0.43226153907527826,0.5107591505809705,0.7377110566448801,0.6036069911566047,21671,20758,7705
HaruichibanNoFukukoro,009,/content/data/raw/Manga109s_released_2026_05_21/images/HaruichibanNoFukukoro/009.jpg,/content/data/groundtruth/post-processed/HaruichibanNoFukukoro/009.png,/content/benchmark_unetpp/masks/HaruichibanNoFukukoro/009.png,1170,1654,0.5,0.31989512799998465,0.40101847411568586,0.42957961814601453,0.8577848333129808,0.5724670752379711,35122,46637,5823
HaruichibanNoFukukoro,004,/content/data/raw/Manga109s_released_2026_05_21/images/HaruichibanNoFukukoro/004.jpg,/content/data/groundtruth/post-processed/HaruichibanNoFukukoro/004.png,/content/benchmark_unetpp/masks/HaruichibanNoFukukoro/004.png,1170,1654,0.5,0.3228759579999405,0.5919804189763156,0.6782020618556701,0.8232090657910544,0.7437031409682467,41116,19509,8830
HaruichibanNoFukukoro,006,/content/data/raw/Manga109s_released_2026_05_21/images/HaruichibanNoFukukoro/006.jpg,/content/data/groundtruth/post-processed/HaruichibanNoFukukoro/006.png,/content/benchmark_unetpp/masks/HaruichibanNoFukukoro/006.png,1170,1654,0.5,0.3226345029999038,0.3693666433420958,0.39299368183830335,0.8600176133861734,0.5394707767097559,19531,30167,3179
HaruichibanNoFukukoro,002,/content/data/raw/Manga109s_released_2026_05_21/images/HaruichibanNoFukukoro/002.jpg,/content/data/groundtruth/post-processed/HaruichibanNoFukukoro/002.png,/content/benchmark_unetpp/masks/HaruichibanNoFukukoro/002.png,1170,1654,0.5,0.3225794079999105,0.4201517336510126,0.45543982464785143,0.8443002488424103,0.591699779249448,26804,32049,4943
HaruichibanNoFukukoro,001,/content/data/raw/Manga109s_released_2026_05_21/images/HaruichibanNoFukukoro/001.jpg,/content/data/groundtruth/post-processed/HaruichibanNoFukukoro/001.png,/content/benchmark_unetpp/masks/HaruichibanNoFukukoro/001.png,1170,1654,0.5,0.32262095199996565,0.9067574899029477,0.9380152405183273,0.9645527412632254,0.9510989149953211,150422,9940,5528
HaruichibanNoFukukoro,008,/content/data/raw/Manga109s_released_2026_05_21/images/HaruichibanNoFukukoro/008.jpg,/content/data/groundtruth/post-processed/HaruichibanNoFukukoro/008.png,/content/benchmark_unetpp/masks/HaruichibanNoFukukoro/008.png,1170,1654,0.5,0.3229464089999965,0.37502427153046564,0.4004063355170412,0.855409235856856,0.5454802206699176,28971,43383,4897
HaruichibanNoFukukoro,007,/content/data/raw/Manga109s_released_2026_05_21/images/HaruichibanNoFukukoro/007.jpg,/content/data/groundtruth/post-processed/HaruichibanNoFukukoro/007.png,/content/benchmark_unetpp/masks/HaruichibanNoFukukoro/007.png,1170,1654,0.5,0.321563152000067,0.29373871709287375,0.2997773241788829,0.935824230387289,0.454092798201056,22617,52829,1551
YasasiiAkuma,000,/content/data/raw/Manga109s_released_2026_05_21/images/YasasiiAkuma/000.jpg,/content/data/groundtruth/post-processed/YasasiiAkuma/000.png,/content/benchmark_unetpp/masks/YasasiiAkuma/000.png,1170,1654,0.5,0.32257017099993845,0.924471026689108,0.9504372276982974,0.9712959454338764,0.9607533850791024,30759,1604,909
YasasiiAkuma,005,/content/data/raw/Manga109s_released_2026_05_21/images/YasasiiAkuma/005.jpg,/content/data/groundtruth/post-processed/YasasiiAkuma/005.png,/content/benchmark_unetpp/masks/YasasiiAkuma/005.png,1170,1654,0.5,0.32049755899993215,0.346298114001262,0.4107826014637392,0.6880855361682862,0.5144449218190577,19757,28339,8956
YasasiiAkuma,003,/content/data/raw/Manga109s_released_2026_05_21/images/YasasiiAkuma/003.jpg,/content/data/groundtruth/post-processed/YasasiiAkuma/003.png,/content/benchmark_unetpp/masks/YasasiiAkuma/003.png,1170,1654,0.5,0.32315079199997854,0.0035159758757859617,0.0035421568373969026,0.32235294117647056,0.00700731420387704,137,38540,288
YasasiiAkuma,009,/content/data/raw/Manga109s_released_2026_05_21/images/YasasiiAkuma/009.jpg,/content/data/groundtruth/post-processed/YasasiiAkuma/009.png,/content/benchmark_unetpp/masks/YasasiiAkuma/009.png,1170,1654,0.5,0.3237767809999923,0.021713336497389654,0.02182989383275677,0.8026315789473685,0.042503774242248285,549,24600,135
YasasiiAkuma,004,/content/data/raw/Manga109s_released_2026_05_21/images/YasasiiAkuma/004.jpg,/content/data/groundtruth/post-processed/YasasiiAkuma/004.png,/content/benchmark_unetpp/masks/YasasiiAkuma/004.png,1170,1654,0.5,0.32327357799999845,0.05190918472652219,0.053497832965513574,0.6361049636421119,0.09869518296870401,2012,35597,1151
YasasiiAkuma,006,/content/data/raw/Manga109s_released_2026_05_21/images/YasasiiAkuma/006.jpg,/content/data/groundtruth/post-processed/YasasiiAkuma/006.png,/content/benchmark_unetpp/masks/YasasiiAkuma/006.png,1170,1654,0.5,0.3213355020000108,0.3751183118980012,0.3842863253956937,0.9402037398827798,0.5455796910743568,13475,21590,857
YasasiiAkuma,002,/content/data/raw/Manga109s_released_2026_05_21/images/YasasiiAkuma/002.jpg,/content/data/groundtruth/post-processed/YasasiiAkuma/002.png,/content/benchmark_unetpp/masks/YasasiiAkuma/002.png,1170,1654,0.5,0.3229754310000317,0.5180742334588488,0.5338790443282396,0.9459468308014667,0.6825413699018461,28893,25226,1651
YasasiiAkuma,001,/content/data/raw/Manga109s_released_2026_05_21/images/YasasiiAkuma/001.jpg,/content/data/groundtruth/post-processed/YasasiiAkuma/001.png,/content/benchmark_unetpp/masks/YasasiiAkuma/001.png,1170,1654,0.5,0.31231432600009157,0.307527433885174,0.31623293882658154,0.9178383421070168,0.4703953827896215,27548,59565,2466
YasasiiAkuma,008,/content/data/raw/Manga109s_released_2026_05_21/images/YasasiiAkuma/008.jpg,/content/data/groundtruth/post-processed/YasasiiAkuma/008.png,/content/benchmark_unetpp/masks/YasasiiAkuma/008.png,1170,1654,0.5,0.32451711500004876,0.1601532131141324,0.1750103605470369,0.6535634140679408,0.2760897634963961,8446,39814,4477
YasasiiAkuma,007,/content/data/raw/Manga109s_released_2026_05_21/images/YasasiiAkuma/007.jpg,/content/data/groundtruth/post-processed/YasasiiAkuma/007.png,/content/benchmark_unetpp/masks/YasasiiAkuma/007.png,1170,1654,0.5,0.3202588620000597,0.3348035057958722,0.33876227710498713,0.9662731871838112,0.5016521223417775,17763,34672,620
Count3DeKimeteAgeru,000,/content/data/raw/Manga109s_released_2026_05_21/images/Count3DeKimeteAgeru/000.jpg,/content/data/groundtruth/post-processed/Count3DeKimeteAgeru/000.png,/content/benchmark_unetpp/masks/Count3DeKimeteAgeru/000.png,1170,1654,0.5,0.3249124829999346,0.7834823215476985,0.8966285958590362,0.8612789674391317,0.8785983601651804,146805,16925,23645
Count3DeKimeteAgeru,005,/content/data/raw/Manga109s_released_2026_05_21/images/Count3DeKimeteAgeru/005.jpg,/content/data/groundtruth/post-processed/Count3DeKimeteAgeru/005.png,/content/benchmark_unetpp/masks/Count3DeKimeteAgeru/005.png,1170,1654,0.5,0.32437294699991526,0.5335711333927834,0.5712156844482734,0.8900660329439083,0.6958544299309307,24532,18415,3030
Count3DeKimeteAgeru,003,/content/data/raw/Manga109s_released_2026_05_21/images/Count3DeKimeteAgeru/003.jpg,/content/data/groundtruth/post-processed/Count3DeKimeteAgeru/003.png,/content/benchmark_unetpp/masks/Count3DeKimeteAgeru/003.png,1170,1654,0.5,0.32338626299997486,0.3157547294366171,0.33656339840373134,0.8362555572206404,0.47995986238532107,16741,33000,3278
Count3DeKimeteAgeru,009,/content/data/raw/Manga109s_released_2026_05_21/images/Count3DeKimeteAgeru/009.jpg,/content/data/groundtruth/post-processed/Count3DeKimeteAgeru/009.png,/content/benchmark_unetpp/masks/Count3DeKimeteAgeru/009.png,1170,1654,0.5,0.320892783999966,0.7764671564784599,0.8177646358556864,0.9389329805996472,0.8741700105704991,42590,9491,2770
Count3DeKimeteAgeru,004,/content/data/raw/Manga109s_released_2026_05_21/images/Count3DeKimeteAgeru/004.jpg,/content/data/groundtruth/post-processed/Count3DeKimeteAgeru/004.png,/content/benchmark_unetpp/masks/Count3DeKimeteAgeru/004.png,1170,1654,0.5,0.3230760789999749,0.15429441411171776,0.1591401342863331,0.8351804489911907,0.26733979169509253,2939,15529,580
Count3DeKimeteAgeru,006,/content/data/raw/Manga109s_released_2026_05_21/images/Count3DeKimeteAgeru/006.jpg,/content/data/groundtruth/post-processed/Count3DeKimeteAgeru/006.png,/content/benchmark_unetpp/masks/Count3DeKimeteAgeru/006.png,1170,1654,0.5,0.32511236699997426,0.4210010656949362,0.4691426601287159,0.8040245543774415,0.5925415200009676,24493,27715,5970
Count3DeKimeteAgeru,002,/content/data/raw/Manga109s_released_2026_05_21/images/Count3DeKimeteAgeru/002.jpg,/content/data/groundtruth/post-processed/Count3DeKimeteAgeru/002.png,/content/benchmark_unetpp/masks/Count3DeKimeteAgeru/002.png,1170,1654,0.5,0.3231465729999172,0.874575544197019,0.9433991363355954,0.9230072805462296,0.9330918104681094,24468,1468,2041
Count3DeKimeteAgeru,001,/content/data/raw/Manga109s_released_2026_05_21/images/Count3DeKimeteAgeru/001.jpg,/content/data/groundtruth/post-processed/Count3DeKimeteAgeru/001.png,/content/benchmark_unetpp/masks/Count3DeKimeteAgeru/001.png,1170,1654,0.5,0.3231036250000443,0.7670797341556377,0.839622641509434,0.8987679809699064,0.868189159016269,40050,7650,4511
Count3DeKimeteAgeru,008,/content/data/raw/Manga109s_released_2026_05_21/images/Count3DeKimeteAgeru/008.jpg,/content/data/groundtruth/post-processed/Count3DeKimeteAgeru/008.png,/content/benchmark_unetpp/masks/Count3DeKimeteAgeru/008.png,1170,1654,0.5,0.3236507240000037,0.535998623943385,0.5800558436378142,0.8758833922261484,0.6979155001679759,21813,15792,3091
Count3DeKimeteAgeru,007,/content/data/raw/Manga109s_released_2026_05_21/images/Count3DeKimeteAgeru/007.jpg,/content/data/groundtruth/post-processed/Count3DeKimeteAgeru/007.png,/content/benchmark_unetpp/masks/Count3DeKimeteAgeru/007.png,1170,1654,0.5,0.3218604790000654,0.39367374243664754,0.4247242330230955,0.843379679144385,0.564943903941769,19714,26702,3661
HarukaRefrain,000,/content/data/raw/Manga109s_released_2026_05_21/images/HarukaRefrain/000.jpg,/content/data/groundtruth/post-processed/HarukaRefrain/000.png,/content/benchmark_unetpp/masks/HarukaRefrain/000.png,1170,1654,0.5,0.32406121599990456,0.8244383608796906,0.9146002386634845,0.8931976039530114,0.9037722277251072,153287,14313,18329
HarukaRefrain,005,/content/data/raw/Manga109s_released_2026_05_21/images/HarukaRefrain/005.jpg,/content/data/groundtruth/post-processed/HarukaRefrain/005.png,/content/benchmark_unetpp/masks/HarukaRefrain/005.png,1170,1654,0.5,0.3231255120000469,0.29728479883728615,0.29822061698532093,0.9895547003848268,0.45831848041961604,9000,21179,95
HarukaRefrain,003,/content/data/raw/Manga109s_released_2026_05_21/images/HarukaRefrain/003.jpg,/content/data/groundtruth/post-processed/HarukaRefrain/003.png,/content/benchmark_unetpp/masks/HarukaRefrain/003.png,1170,1654,0.5,0.3248530569999275,0.6808356097329902,0.7130831693320323,0.9377147579487626,0.8101156422324305,43118,17349,2864
HarukaRefrain,009,/content/data/raw/Manga109s_released_2026_05_21/images/HarukaRefrain/009.jpg,/content/data/groundtruth/post-processed/HarukaRefrain/009.png,/content/benchmark_unetpp/masks/HarukaRefrain/009.png,1170,1654,0.5,0.3265184039998985,0.7160696943730362,0.8064283692323528,0.8646955753921718,0.8345461687494592,62674,15044,9807
HarukaRefrain,004,/content/data/raw/Manga109s_released_2026_05_21/images/HarukaRefrain/004.jpg,/content/data/groundtruth/post-processed/HarukaRefrain/004.png,/content/benchmark_unetpp/masks/HarukaRefrain/004.png,1170,1654,0.5,0.3239935469999864,0.12485022765396597,0.12563904697598147,0.9521198830409356,0.221985513421389,2605,18129,131
HarukaRefrain,006,/content/data/raw/Manga109s_released_2026_05_21/images/HarukaRefrain/006.jpg,/content/data/groundtruth/post-processed/HarukaRefrain/006.png,/content/benchmark_unetpp/masks/HarukaRefrain/006.png,1170,1654,0.5,0.32359537199999977,0.26819672131147543,0.2772380134664919,0.891585525359686,0.42295760082730083,6135,15994,746
HarukaRefrain,002,/content/data/raw/Manga109s_released_2026_05_21/images/HarukaRefrain/002.jpg,/content/data/groundtruth/post-processed/HarukaRefrain/002.png,/content/benchmark_unetpp/masks/HarukaRefrain/002.png,1170,1654,0.5,0.32278346299995064,0.5771301280861333,0.5965652883047108,0.9465672096209469,0.731873822975518,12436,8410,702
HarukaRefrain,001,/content/data/raw/Manga109s_released_2026_05_21/images/HarukaRefrain/001.jpg,/content/data/groundtruth/post-processed/HarukaRefrain/001.png,/content/benchmark_unetpp/masks/HarukaRefrain/001.png,1170,1654,0.5,0.32328343500000756,0.8971544350546928,0.9634908830496337,0.9287269348201248,0.9457895661813412,69961,2651,5369
HarukaRefrain,008,/content/data/raw/Manga109s_released_2026_05_21/images/HarukaRefrain/008.jpg,/content/data/groundtruth/post-processed/HarukaRefrain/008.png,/content/benchmark_unetpp/masks/HarukaRefrain/008.png,1170,1654,0.5,0.3241885730000149,0.4318692789465232,0.44525849579866716,0.9349035285937771,0.603224449740642,10757,13402,749
HarukaRefrain,007,/content/data/raw/Manga109s_released_2026_05_21/images/HarukaRefrain/007.jpg,/content/data/groundtruth/post-processed/HarukaRefrain/007.png,/content/benchmark_unetpp/masks/HarukaRefrain/007.png,1170,1654,0.5,0.32368785000005573,0.3970074402926789,0.42591285941083085,0.8540100804668848,0.5683683978225688,9658,13018,1651
GinNoChimera,000,/content/data/raw/Manga109s_released_2026_05_21/images/GinNoChimera/000.jpg,/content/data/groundtruth/post-processed/GinNoChimera/000.png,/content/benchmark_unetpp/masks/GinNoChimera/000.png,1170,1654,0.5,0.3238881229999606,0.8242541230654611,0.8884613980653404,0.9193907847122017,0.903661515842312,121697,15278,10670
GinNoChimera,005,/content/data/raw/Manga109s_released_2026_05_21/images/GinNoChimera/005.jpg,/content/data/groundtruth/post-processed/GinNoChimera/005.png,/content/benchmark_unetpp/masks/GinNoChimera/005.png,1170,1654,0.5,0.3249636450000253,0.2164432293553806,0.23256883981029236,0.7573766712770862,0.3558624424587057,6571,21683,2105
GinNoChimera,003,/content/data/raw/Manga109s_released_2026_05_21/images/GinNoChimera/003.jpg,/content/data/groundtruth/post-processed/GinNoChimera/003.png,/content/benchmark_unetpp/masks/GinNoChimera/003.png,1170,1654,0.5,0.3092520449999938,0.10115090428193581,0.10219557995088835,0.9082156611039794,0.1837185146715139,1415,12431,143
GinNoChimera,009,/content/data/raw/Manga109s_released_2026_05_21/images/GinNoChimera/009.jpg,/content/data/groundtruth/post-processed/GinNoChimera/009.png,/content/benchmark_unetpp/masks/GinNoChimera/009.png,1170,1654,0.5,0.323685927999918,0.11078389584221335,0.11487463837994213,0.7567496029645315,0.19946975511058396,2859,22029,919
GinNoChimera,004,/content/data/raw/Manga109s_released_2026_05_21/images/GinNoChimera/004.jpg,/content/data/groundtruth/post-processed/GinNoChimera/004.png,/content/benchmark_unetpp/masks/GinNoChimera/004.png,1170,1654,0.5,0.32384901399996124,0.38648332358104154,0.42187624750499003,0.8216451562742964,0.5575015826123655,15852,21723,3441
GinNoChimera,006,/content/data/raw/Manga109s_released_2026_05_21/images/GinNoChimera/006.jpg,/content/data/groundtruth/post-processed/GinNoChimera/006.png,/content/benchmark_unetpp/masks/GinNoChimera/006.png,1170,1654,0.5,0.32251498799996625,0.3454868558122434,0.36617522894070276,0.8594512195121952,0.513549209819192,5638,9759,922
GinNoChimera,002,/content/data/raw/Manga109s_released_2026_05_21/images/GinNoChimera/002.jpg,/content/data/groundtruth/post-processed/GinNoChimera/002.png,/content/benchmark_unetpp/masks/GinNoChimera/002.png,1170,1654,0.5,0.32691139200005637,0.8767149536291868,0.8950312989045384,0.9771902097304686,0.9343080598721692,22877,2683,534
GinNoChimera,001,/content/data/raw/Manga109s_released_2026_05_21/images/GinNoChimera/001.jpg,/content/data/groundtruth/post-processed/GinNoChimera/001.png,/content/benchmark_unetpp/masks/GinNoChimera/001.png,1170,1654,0.5,0.32408432300007917,0.36529968454258677,0.41099837153952146,0.7666484928732767,0.5351201478743068,9843,14106,2996
GinNoChimera,008,/content/data/raw/Manga109s_released_2026_05_21/images/GinNoChimera/008.jpg,/content/data/groundtruth/post-processed/GinNoChimera/008.png,/content/benchmark_unetpp/masks/GinNoChimera/008.png,1170,1654,0.5,0.3222312339999007,0.5157833203429463,0.589532293986637,0.8048038917604134,0.6805501992544029,2647,1843,642
GinNoChimera,007,/content/data/raw/Manga109s_released_2026_05_21/images/GinNoChimera/007.jpg,/content/data/groundtruth/post-processed/GinNoChimera/007.png,/content/benchmark_unetpp/masks/GinNoChimera/007.png,1170,1654,0.5,0.3266272690000278,0.1301105098003547,0.13653717667271165,0.7343429158110883,0.23026156941649897,2861,18093,1035
UltraEleven,000,/content/data/raw/Manga109s_released_2026_05_21/images/UltraEleven/000.jpg,/content/data/groundtruth/post-processed/UltraEleven/000.png,/content/benchmark_unetpp/masks/UltraEleven/000.png,1170,1654,0.5,0.3240440340000532,0.7264602594926505,0.7908778034690903,0.8991835778550916,0.8415603608578087,207278,54808,23240
UltraEleven,005,/content/data/raw/Manga109s_released_2026_05_21/images/UltraEleven/005.jpg,/content/data/groundtruth/post-processed/UltraEleven/005.png,/content/benchmark_unetpp/masks/UltraEleven/005.png,1170,1654,0.5,0.3261095220000243,0.2644348515549291,0.27634970906680417,0.8598109424233744,0.41826568008583814,15008,39300,2447
UltraEleven,003,/content/data/raw/Manga109s_released_2026_05_21/images/UltraEleven/003.jpg,/content/data/groundtruth/post-processed/UltraEleven/003.png,/content/benchmark_unetpp/masks/UltraEleven/003.png,1170,1654,0.5,0.3227258880000363,0.7148777345358428,0.8706786378710669,0.7998008708186587,0.8337360969111132,53821,7994,13472
UltraEleven,009,/content/data/raw/Manga109s_released_2026_05_21/images/UltraEleven/009.jpg,/content/data/groundtruth/post-processed/UltraEleven/009.png,/content/benchmark_unetpp/masks/UltraEleven/009.png,1170,1654,0.5,0.32636583599992264,0.5262927948154711,0.5551700741233854,0.9100562410811718,0.6896354311612929,43366,34747,4286
UltraEleven,004,/content/data/raw/Manga109s_released_2026_05_21/images/UltraEleven/004.jpg,/content/data/groundtruth/post-processed/UltraEleven/004.png,/content/benchmark_unetpp/masks/UltraEleven/004.png,1170,1654,0.5,0.32554710600004455,0.39065353411370235,0.42148613511200117,0.8422785218654187,0.5618272625505898,26098,35821,4887
UltraEleven,006,/content/data/raw/Manga109s_released_2026_05_21/images/UltraEleven/006.jpg,/content/data/groundtruth/post-processed/UltraEleven/006.png,/content/benchmark_unetpp/masks/UltraEleven/006.png,1170,1654,0.5,0.32564316499997403,0.25015375651442073,0.28908091123330715,0.6500672947510094,0.40019678413298465,15456,38010,8320
UltraEleven,002,/content/data/raw/Manga109s_released_2026_05_21/images/UltraEleven/002.jpg,/content/data/groundtruth/post-processed/UltraEleven/002.png,/content/benchmark_unetpp/masks/UltraEleven/002.png,1170,1654,0.5,0.3257659100000865,0.6966604328079081,0.753162728900699,0.9027835479850437,0.8212137435832835,39114,12819,4212
UltraEleven,001,/content/data/raw/Manga109s_released_2026_05_21/images/UltraEleven/001.jpg,/content/data/groundtruth/post-processed/UltraEleven/001.png,/content/benchmark_unetpp/masks/UltraEleven/001.png,1170,1654,0.5,0.32304154299993115,0.6239846984226799,0.7031226934091781,0.8471873073092064,0.768461302657266,71445,30166,12887
UltraEleven,008,/content/data/raw/Manga109s_released_2026_05_21/images/UltraEleven/008.jpg,/content/data/groundtruth/post-processed/UltraEleven/008.png,/content/benchmark_unetpp/masks/UltraEleven/008.png,1170,1654,0.5,0.3240918870000087,0.05381382404725393,0.0548290029512181,0.7440125638005497,0.10213155838206366,1895,32667,652
UltraEleven,007,/content/data/raw/Manga109s_released_2026_05_21/images/UltraEleven/007.jpg,/content/data/groundtruth/post-processed/UltraEleven/007.png,/content/benchmark_unetpp/masks/UltraEleven/007.png,1170,1654,0.5,0.3245260160000498,0.5074836247356749,0.5307113115143147,0.9206040306131996,0.6732857543638765,49198,43504,4243
BEMADER_P,000,/content/data/raw/Manga109s_released_2026_05_21/images/BEMADER_P/000.jpg,/content/data/groundtruth/post-processed/BEMADER_P/000.png,/content/benchmark_unetpp/masks/BEMADER_P/000.png,1170,1654,0.5,0.3276785680000103,0.7987093465532715,0.8651647249440629,0.9122667143949625,0.8880916175632009,168201,26214,16176
BEMADER_P,005,/content/data/raw/Manga109s_released_2026_05_21/images/BEMADER_P/005.jpg,/content/data/groundtruth/post-processed/BEMADER_P/005.png,/content/benchmark_unetpp/masks/BEMADER_P/005.png,1170,1654,0.5,0.32446558900005584,0.19141677141318011,0.20673223438149327,0.7209661835748792,0.321326299924642,14924,57266,5776
BEMADER_P,003,/content/data/raw/Manga109s_released_2026_05_21/images/BEMADER_P/003.jpg,/content/data/groundtruth/post-processed/BEMADER_P/003.png,/content/benchmark_unetpp/masks/BEMADER_P/003.png,1170,1654,0.5,0.32587454599990906,0.9264059377676277,0.9686875018656159,0.9550042670904328,0.9617972199994071,32452,1049,1529
BEMADER_P,009,/content/data/raw/Manga109s_released_2026_05_21/images/BEMADER_P/009.jpg,/content/data/groundtruth/post-processed/BEMADER_P/009.png,/content/benchmark_unetpp/masks/BEMADER_P/009.png,1170,1654,0.5,0.3281323460000749,0.20514144589133362,0.2138060138060138,0.835039298117346,0.34044376548614863,9137,33598,1805
BEMADER_P,004,/content/data/raw/Manga109s_released_2026_05_21/images/BEMADER_P/004.jpg,/content/data/groundtruth/post-processed/BEMADER_P/004.png,/content/benchmark_unetpp/masks/BEMADER_P/004.png,1170,1654,0.5,0.32446274500000527,0.28176043557168784,0.29254654568543514,0.8842867756315007,0.439646017699115,14283,34540,1869
BEMADER_P,006,/content/data/raw/Manga109s_released_2026_05_21/images/BEMADER_P/006.jpg,/content/data/groundtruth/post-processed/BEMADER_P/006.png,/content/benchmark_unetpp/masks/BEMADER_P/006.png,1170,1654,0.5,0.32935276099999555,0.380707223376787,0.4273771650759986,0.7770993347687759,0.551466982907055,24181,32399,6936
BEMADER_P,002,/content/data/raw/Manga109s_released_2026_05_21/images/BEMADER_P/002.jpg,/content/data/groundtruth/post-processed/BEMADER_P/002.png,/content/benchmark_unetpp/masks/BEMADER_P/002.png,1170,1654,0.5,0.32630064700003913,0.6991390604529291,0.7323791785119106,0.9390397184514832,0.8229333039599052,7471,2730,485
BEMADER_P,001,/content/data/raw/Manga109s_released_2026_05_21/images/BEMADER_P/001.jpg,/content/data/groundtruth/post-processed/BEMADER_P/001.png,/content/benchmark_unetpp/masks/BEMADER_P/001.png,1170,1654,0.5,0.3275417009999728,0.7298790975313638,0.833352586132209,0.8546149175934016,0.8438498373359652,57713,11541,9818
BEMADER_P,008,/content/data/raw/Manga109s_released_2026_05_21/images/BEMADER_P/008.jpg,/content/data/groundtruth/post-processed/BEMADER_P/008.png,/content/benchmark_unetpp/masks/BEMADER_P/008.png,1170,1654,0.5,0.3266376010000158,0.699877781103462,0.7496126309040393,0.9134100489916828,0.823444825132242,56119,18745,5320
BEMADER_P,007,/content/data/raw/Manga109s_released_2026_05_21/images/BEMADER_P/007.jpg,/content/data/groundtruth/post-processed/BEMADER_P/007.png,/content/benchmark_unetpp/masks/BEMADER_P/007.png,1170,1654,0.5,0.32985008900004686,0.43825903986460213,0.47227288411297874,0.8588588588588588,0.6094299117436591,38324,42824,6298
BurariTessenTorimonocho,000,/content/data/raw/Manga109s_released_2026_05_21/images/BurariTessenTorimonocho/000.jpg,/content/data/groundtruth/post-processed/BurariTessenTorimonocho/000.png,/content/benchmark_unetpp/masks/BurariTessenTorimonocho/000.png,1170,1654,0.5,0.3293417290000207,0.8026396163393681,0.8574512839381044,0.9262328274041635,0.8905158957610103,247030,41068,19674
BurariTessenTorimonocho,005,/content/data/raw/Manga109s_released_2026_05_21/images/BurariTessenTorimonocho/005.jpg,/content/data/groundtruth/post-processed/BurariTessenTorimonocho/005.png,/content/benchmark_unetpp/masks/BurariTessenTorimonocho/005.png,1170,1654,0.5,0.3270170199999711,0.0,0.0,0.0,0.0,0,28290,0
BurariTessenTorimonocho,003,/content/data/raw/Manga109s_released_2026_05_21/images/BurariTessenTorimonocho/003.jpg,/content/data/groundtruth/post-processed/BurariTessenTorimonocho/003.png,/content/benchmark_unetpp/masks/BurariTessenTorimonocho/003.png,1170,1654,0.5,0.32665280200001234,0.18203022005881755,0.18220267298257486,0.9948272676888971,0.30799588194921074,5385,24170,28
BurariTessenTorimonocho,009,/content/data/raw/Manga109s_released_2026_05_21/images/BurariTessenTorimonocho/009.jpg,/content/data/groundtruth/post-processed/BurariTessenTorimonocho/009.png,/content/benchmark_unetpp/masks/BurariTessenTorimonocho/009.png,1170,1654,0.5,0.32553995699993266,0.06564689627948288,0.06646417009711843,0.8422385414028868,0.12320571947176383,3326,46716,623
BurariTessenTorimonocho,004,/content/data/raw/Manga109s_released_2026_05_21/images/BurariTessenTorimonocho/004.jpg,/content/data/groundtruth/post-processed/BurariTessenTorimonocho/004.png,/content/benchmark_unetpp/masks/BurariTessenTorimonocho/004.png,1170,1654,0.5,0.3263213250000945,0.41693780034578054,0.4377224199288256,0.8977575846401876,0.5885054379155298,30627,39342,3488
BurariTessenTorimonocho,006,/content/data/raw/Manga109s_released_2026_05_21/images/BurariTessenTorimonocho/006.jpg,/content/data/groundtruth/post-processed/BurariTessenTorimonocho/006.png,/content/benchmark_unetpp/masks/BurariTessenTorimonocho/006.png,1170,1654,0.5,0.32652909199998703,0.5591138935709126,0.5883800904977375,0.9183050847457627,0.7172200772200772,16254,11371,1446
BurariTessenTorimonocho,002,/content/data/raw/Manga109s_released_2026_05_21/images/BurariTessenTorimonocho/002.jpg,/content/data/groundtruth/post-processed/BurariTessenTorimonocho/002.png,/content/benchmark_unetpp/masks/BurariTessenTorimonocho/002.png,1170,1654,0.5,0.32520379699997193,0.41942919341155377,0.4500918975556968,0.8602711842148462,0.5909829040552123,26203,32014,4256
BurariTessenTorimonocho,001,/content/data/raw/Manga109s_released_2026_05_21/images/BurariTessenTorimonocho/001.jpg,/content/data/groundtruth/post-processed/BurariTessenTorimonocho/001.png,/content/benchmark_unetpp/masks/BurariTessenTorimonocho/001.png,1170,1654,0.5,0.327604545999975,0.6642780181628499,0.8213885423054962,0.776431784107946,0.7982777047024006,38841,8446,11184
BurariTessenTorimonocho,008,/content/data/raw/Manga109s_released_2026_05_21/images/BurariTessenTorimonocho/008.jpg,/content/data/groundtruth/post-processed/BurariTessenTorimonocho/008.png,/content/benchmark_unetpp/masks/BurariTessenTorimonocho/008.png,1170,1654,0.5,0.32642336800006433,0.20131408316763205,0.20614741762424973,0.8956842834064159,0.33515645240219927,11643,44836,1356
BurariTessenTorimonocho,007,/content/data/raw/Manga109s_released_2026_05_21/images/BurariTessenTorimonocho/007.jpg,/content/data/groundtruth/post-processed/BurariTessenTorimonocho/007.png,/content/benchmark_unetpp/masks/BurariTessenTorimonocho/007.png,1170,1654,0.5,0.32697999799995614,0.29521208500469404,0.3040879120879121,0.9100236779794791,0.45585134422772794,6918,15832,684
Hamlet,000,/content/data/raw/Manga109s_released_2026_05_21/images/Hamlet/000.jpg,/content/data/groundtruth/post-processed/Hamlet/000.png,/content/benchmark_unetpp/masks/Hamlet/000.png,1170,1654,0.5,0.3262154089999285,0.7714207477259308,0.8599213995459488,0.8822913404321955,0.8709627554224433,180298,29370,24054
Hamlet,005,/content/data/raw/Manga109s_released_2026_05_21/images/Hamlet/005.jpg,/content/data/groundtruth/post-processed/Hamlet/005.png,/content/benchmark_unetpp/masks/Hamlet/005.png,1170,1654,0.5,0.3242505109999456,0.40243559059552303,0.4851699410192218,0.7023772959026967,0.5739095517743312,11434,12133,4845
Hamlet,003,/content/data/raw/Manga109s_released_2026_05_21/images/Hamlet/003.jpg,/content/data/groundtruth/post-processed/Hamlet/003.png,/content/benchmark_unetpp/masks/Hamlet/003.png,1170,1654,0.5,0.3269688689999839,0.7968149485083342,0.8549816591100681,0.9213356248465504,0.8869193226267711,37526,6365,3204
Hamlet,009,/content/data/raw/Manga109s_released_2026_05_21/images/Hamlet/009.jpg,/content/data/groundtruth/post-processed/Hamlet/009.png,/content/benchmark_unetpp/masks/Hamlet/009.png,1170,1654,0.5,0.32742004600004293,0.0988855667300897,0.09989291303989675,0.9074582190072338,0.17997427525477394,3638,32781,371
Hamlet,004,/content/data/raw/Manga109s_released_2026_05_21/images/Hamlet/004.jpg,/content/data/groundtruth/post-processed/Hamlet/004.png,/content/benchmark_unetpp/masks/Hamlet/004.png,1170,1654,0.5,0.325754317000019,0.4005327381265727,0.6724942549054269,0.49759332409030266,0.5719719749819581,38043,18527,38411
Hamlet,006,/content/data/raw/Manga109s_released_2026_05_21/images/Hamlet/006.jpg,/content/data/groundtruth/post-processed/Hamlet/006.png,/content/benchmark_unetpp/masks/Hamlet/006.png,1170,1654,0.5,0.32690835400001106,0.08650380456547857,0.08718717564294776,0.9169193450576106,0.15923332104681165,1512,15830,137
Hamlet,002,/content/data/raw/Manga109s_released_2026_05_21/images/Hamlet/002.jpg,/content/data/groundtruth/post-processed/Hamlet/002.png,/content/benchmark_unetpp/masks/Hamlet/002.png,1170,1654,0.5,0.324836954000034,0.8937770884369519,0.9554794520547946,0.9326163898720392,0.943909495889656,61659,2873,4455
Hamlet,001,/content/data/raw/Manga109s_released_2026_05_21/images/Hamlet/001.jpg,/content/data/groundtruth/post-processed/Hamlet/001.png,/content/benchmark_unetpp/masks/Hamlet/001.png,1170,1654,0.5,0.32814452599996,0.0849444305471179,0.08573901961020067,0.9016310532304969,0.15658761528326745,7131,76040,778
Hamlet,008,/content/data/raw/Manga109s_released_2026_05_21/images/Hamlet/008.jpg,/content/data/groundtruth/post-processed/Hamlet/008.png,/content/benchmark_unetpp/masks/Hamlet/008.png,1170,1654,0.5,0.32876503699992554,0.08418745186326204,0.0857366960299264,0.8232908458864426,0.15530054644808744,1421,15153,305
Hamlet,007,/content/data/raw/Manga109s_released_2026_05_21/images/Hamlet/007.jpg,/content/data/groundtruth/post-processed/Hamlet/007.png,/content/benchmark_unetpp/masks/Hamlet/007.png,1170,1654,0.5,0.3273275049999711,0.25899875879189077,0.3262763396291976,0.5567508046755887,0.41143608281301347,13146,27145,10466
YoumaKourin,000,/content/data/raw/Manga109s_released_2026_05_21/images/YoumaKourin/000.jpg,/content/data/groundtruth/post-processed/YoumaKourin/000.png,/content/benchmark_unetpp/masks/YoumaKourin/000.png,1170,1654,0.5,0.32992481799999496,0.7299014699637282,0.8200456976774725,0.8691089761134899,0.8438647895698157,187346,41112,28215
YoumaKourin,005,/content/data/raw/Manga109s_released_2026_05_21/images/YoumaKourin/005.jpg,/content/data/groundtruth/post-processed/YoumaKourin/005.png,/content/benchmark_unetpp/masks/YoumaKourin/005.png,1170,1654,0.5,0.3255359769999586,0.6708383067481704,0.700526276030519,0.9405798326430563,0.8029960817139435,55640,23786,3515
YoumaKourin,003,/content/data/raw/Manga109s_released_2026_05_21/images/YoumaKourin/003.jpg,/content/data/groundtruth/post-processed/YoumaKourin/003.png,/content/benchmark_unetpp/masks/YoumaKourin/003.png,1170,1654,0.5,0.3291366170000174,0.3446432022677003,0.36180621308444927,0.8790119399715194,0.5126165836207998,16049,28309,2209
YoumaKourin,009,/content/data/raw/Manga109s_released_2026_05_21/images/YoumaKourin/009.jpg,/content/data/groundtruth/post-processed/YoumaKourin/009.png,/content/benchmark_unetpp/masks/YoumaKourin/009.png,1170,1654,0.5,0.32570032900002843,0.6820492044784915,0.7308208366219416,0.9108750184447396,0.8109741411398917,18519,6821,1812
YoumaKourin,004,/content/data/raw/Manga109s_released_2026_05_21/images/YoumaKourin/004.jpg,/content/data/groundtruth/post-processed/YoumaKourin/004.png,/content/benchmark_unetpp/masks/YoumaKourin/004.png,1170,1654,0.5,0.3258531269999594,0.44293004327885793,0.45905114701419264,0.9265381497162418,0.6139314173157848,20571,24241,1631
YoumaKourin,006,/content/data/raw/Manga109s_released_2026_05_21/images/YoumaKourin/006.jpg,/content/data/groundtruth/post-processed/YoumaKourin/006.png,/content/benchmark_unetpp/masks/YoumaKourin/006.png,1170,1654,0.5,0.32990719499991883,0.4823327035334593,0.5014953380636838,0.9265940733517525,0.6507752306667935,17104,17002,1355
YoumaKourin,002,/content/data/raw/Manga109s_released_2026_05_21/images/YoumaKourin/002.jpg,/content/data/groundtruth/post-processed/YoumaKourin/002.png,/content/benchmark_unetpp/masks/YoumaKourin/002.png,1170,1654,0.5,0.32656105899991417,0.0,0.0,0.0,0.0,0,22856,0
YoumaKourin,001,/content/data/raw/Manga109s_released_2026_05_21/images/YoumaKourin/001.jpg,/content/data/groundtruth/post-processed/YoumaKourin/001.png,/content/benchmark_unetpp/masks/YoumaKourin/001.png,1170,1654,0.5,0.3270127890000367,0.6916811323274136,0.7238512238861587,0.939625721800647,0.8177440997710947,31080,11857,1997
YoumaKourin,008,/content/data/raw/Manga109s_released_2026_05_21/images/YoumaKourin/008.jpg,/content/data/groundtruth/post-processed/YoumaKourin/008.png,/content/benchmark_unetpp/masks/YoumaKourin/008.png,1170,1654,0.5,0.3299096070001042,0.6920335304541744,0.7276305321776996,0.9339746862655524,0.8179903270219702,34756,13010,2457
YoumaKourin,007,/content/data/raw/Manga109s_released_2026_05_21/images/YoumaKourin/007.jpg,/content/data/groundtruth/post-processed/YoumaKourin/007.png,/content/benchmark_unetpp/masks/YoumaKourin/007.png,1170,1654,0.5,0.3300082169999996,0.8186651888685859,0.8911406025824964,0.9096340428364592,0.9002923615400452,54659,6677,5430
TsubasaNoKioku,000,/content/data/raw/Manga109s_released_2026_05_21/images/TsubasaNoKioku/000.jpg,/content/data/groundtruth/post-processed/TsubasaNoKioku/000.png,/content/benchmark_unetpp/masks/TsubasaNoKioku/000.png,1170,1654,0.5,0.32876592699994944,0.4776748971193416,0.4986477646622341,0.9190750404894727,0.6465223142797466,51073,51350,4497
TsubasaNoKioku,005,/content/data/raw/Manga109s_released_2026_05_21/images/TsubasaNoKioku/005.jpg,/content/data/groundtruth/post-processed/TsubasaNoKioku/005.png,/content/benchmark_unetpp/masks/TsubasaNoKioku/005.png,1170,1654,0.5,0.32857602000001407,0.2536194146443079,0.2590701138418981,0.9233978005309064,0.4046194749086075,7305,20892,606
TsubasaNoKioku,003,/content/data/raw/Manga109s_released_2026_05_21/images/TsubasaNoKioku/003.jpg,/content/data/groundtruth/post-processed/TsubasaNoKioku/003.png,/content/benchmark_unetpp/masks/TsubasaNoKioku/003.png,1170,1654,0.5,0.3291367080000782,0.5646801829476414,0.6113369300125637,0.880937167199148,0.7217835172985473,8272,5259,1118
TsubasaNoKioku,009,/content/data/raw/Manga109s_released_2026_05_21/images/TsubasaNoKioku/009.jpg,/content/data/groundtruth/post-processed/TsubasaNoKioku/009.png,/content/benchmark_unetpp/masks/TsubasaNoKioku/009.png,1170,1654,0.5,0.32804178799995043,0.7361142944457177,0.7887197118533071,0.9169204415683289,0.8480021123041717,9635,2581,873
TsubasaNoKioku,004,/content/data/raw/Manga109s_released_2026_05_21/images/TsubasaNoKioku/004.jpg,/content/data/groundtruth/post-processed/TsubasaNoKioku/004.png,/content/benchmark_unetpp/masks/TsubasaNoKioku/004.png,1170,1654,0.5,0.3292818109999871,0.3347111603992338,0.37770193401592717,0.7462351090132614,0.5015484553213988,6640,10940,2258
TsubasaNoKioku,006,/content/data/raw/Manga109s_released_2026_05_21/images/TsubasaNoKioku/006.jpg,/content/data/groundtruth/post-processed/TsubasaNoKioku/006.png,/content/benchmark_unetpp/masks/TsubasaNoKioku/006.png,1170,1654,0.5,0.3291670979999708,0.3381384174223049,0.44142047753945773,0.5910322405852073,0.5053863083516739,4363,5521,3019
TsubasaNoKioku,002,/content/data/raw/Manga109s_released_2026_05_21/images/TsubasaNoKioku/002.jpg,/content/data/groundtruth/post-processed/TsubasaNoKioku/002.png,/content/benchmark_unetpp/masks/TsubasaNoKioku/002.png,1170,1654,0.5,0.3283206669999572,0.432753164556962,0.45244003308519437,0.9086378737541528,0.6040861402540032,5470,6620,550
TsubasaNoKioku,001,/content/data/raw/Manga109s_released_2026_05_21/images/TsubasaNoKioku/001.jpg,/content/data/groundtruth/post-processed/TsubasaNoKioku/001.png,/content/benchmark_unetpp/masks/TsubasaNoKioku/001.png,1170,1654,0.5,0.3303049789999477,0.7031550435553178,0.7278470058843891,0.9539742310135196,0.8257087881881726,42055,15725,2029
TsubasaNoKioku,008,/content/data/raw/Manga109s_released_2026_05_21/images/TsubasaNoKioku/008.jpg,/content/data/groundtruth/post-processed/TsubasaNoKioku/008.png,/content/benchmark_unetpp/masks/TsubasaNoKioku/008.png,1170,1654,0.5,0.3283317469999929,0.2673676866341074,0.29241837902654383,0.7573404856013551,0.42192599583185875,5365,12982,1719
TsubasaNoKioku,007,/content/data/raw/Manga109s_released_2026_05_21/images/TsubasaNoKioku/007.jpg,/content/data/groundtruth/post-processed/TsubasaNoKioku/007.png,/content/benchmark_unetpp/masks/TsubasaNoKioku/007.png,1170,1654,0.5,0.3291015540000899,0.28003307151715584,0.3048604860486049,0.7747026532479414,0.4375403694613099,3387,7723,985
EvaLady,000,/content/data/raw/Manga109s_released_2026_05_21/images/EvaLady/000.jpg,/content/data/groundtruth/post-processed/EvaLady/000.png,/content/benchmark_unetpp/masks/EvaLady/000.png,1170,1654,0.5,0.32930929500003003,0.7642366301469481,0.8858958966630053,0.8476771281449615,0.8663652223152092,208081,26801,37391
EvaLady,005,/content/data/raw/Manga109s_released_2026_05_21/images/EvaLady/005.jpg,/content/data/groundtruth/post-processed/EvaLady/005.png,/content/benchmark_unetpp/masks/EvaLady/005.png,1170,1654,0.5,0.3297133659999645,0.4936499808886421,0.5638292614619199,0.7986325823425778,0.6609982086900261,68450,52952,17259
EvaLady,003,/content/data/raw/Manga109s_released_2026_05_21/images/EvaLady/003.jpg,/content/data/groundtruth/post-processed/EvaLady/003.png,/content/benchmark_unetpp/masks/EvaLady/003.png,1170,1654,0.5,0.3329707860000326,0.5292565560311691,0.5525684727892505,0.9261726016476216,0.6921749708299199,55763,45153,4445
EvaLady,009,/content/data/raw/Manga109s_released_2026_05_21/images/EvaLady/009.jpg,/content/data/groundtruth/post-processed/EvaLady/009.png,/content/benchmark_unetpp/masks/EvaLady/009.png,1170,1654,0.5,0.3312302990000262,0.06363467794953054,0.06614451920381273,0.626452041154995,0.11965513962407684,3775,53297,2251
EvaLady,004,/content/data/raw/Manga109s_released_2026_05_21/images/EvaLady/004.jpg,/content/data/groundtruth/post-processed/EvaLady/004.png,/content/benchmark_unetpp/masks/EvaLady/004.png,1170,1654,0.5,0.3315004539999791,0.6823801000351294,0.6973706704961192,0.9694607505287924,0.811208002306828,40792,17702,1285
EvaLady,006,/content/data/raw/Manga109s_released_2026_05_21/images/EvaLady/006.jpg,/content/data/groundtruth/post-processed/EvaLady/006.png,/content/benchmark_unetpp/masks/EvaLady/006.png,1170,1654,0.5,0.33266774100002294,0.0,0.0,0.0,0.0,0,4735,0
EvaLady,002,/content/data/raw/Manga109s_released_2026_05_21/images/EvaLady/002.jpg,/content/data/groundtruth/post-processed/EvaLady/002.png,/content/benchmark_unetpp/masks/EvaLady/002.png,1170,1654,0.5,0.3285827720000043,0.2585608082895606,0.2687671559852011,0.8719388248959442,0.4108832987433576,9008,24508,1323
EvaLady,001,/content/data/raw/Manga109s_released_2026_05_21/images/EvaLady/001.jpg,/content/data/groundtruth/post-processed/EvaLady/001.png,/content/benchmark_unetpp/masks/EvaLady/001.png,1170,1654,0.5,0.33172437199993965,0.6663442181494941,0.7528727143827726,0.8528929491684235,0.7997677921425882,76461,25098,13188
EvaLady,008,/content/data/raw/Manga109s_released_2026_05_21/images/EvaLady/008.jpg,/content/data/groundtruth/post-processed/EvaLady/008.png,/content/benchmark_unetpp/masks/EvaLady/008.png,1170,1654,0.5,0.33085901899994496,0.0996913456527839,0.10196174896992805,0.8174198849630239,0.18130786615149086,4974,43809,1111
EvaLady,007,/content/data/raw/Manga109s_released_2026_05_21/images/EvaLady/007.jpg,/content/data/groundtruth/post-processed/EvaLady/007.png,/content/benchmark_unetpp/masks/EvaLady/007.png,1170,1654,0.5,0.3292004810000435,0.0,0.0,0.0,0.0,0,35118,0
BakuretsuKungFuGirl,000,/content/data/raw/Manga109s_released_2026_05_21/images/BakuretsuKungFuGirl/000.jpg,/content/data/groundtruth/post-processed/BakuretsuKungFuGirl/000.png,/content/benchmark_unetpp/masks/BakuretsuKungFuGirl/000.png,1170,1654,0.5,0.33009532899995975,0.8655579567969224,0.9511284562943726,0.9058451487584142,0.9279346735311785,269546,13850,28017
BakuretsuKungFuGirl,005,/content/data/raw/Manga109s_released_2026_05_21/images/BakuretsuKungFuGirl/005.jpg,/content/data/groundtruth/post-processed/BakuretsuKungFuGirl/005.png,/content/benchmark_unetpp/masks/BakuretsuKungFuGirl/005.png,1170,1654,0.5,0.33178453399989394,0.41466334642275643,0.4264466880078798,0.9375270679948029,0.5862360786703226,17318,23292,1154
BakuretsuKungFuGirl,003,/content/data/raw/Manga109s_released_2026_05_21/images/BakuretsuKungFuGirl/003.jpg,/content/data/groundtruth/post-processed/BakuretsuKungFuGirl/003.png,/content/benchmark_unetpp/masks/BakuretsuKungFuGirl/003.png,1170,1654,0.5,0.3328277529999468,0.6279665055483695,0.7176690266863768,0.8339993851829081,0.7714734958098456,46121,18144,9180
BakuretsuKungFuGirl,009,/content/data/raw/Manga109s_released_2026_05_21/images/BakuretsuKungFuGirl/009.jpg,/content/data/groundtruth/post-processed/BakuretsuKungFuGirl/009.png,/content/benchmark_unetpp/masks/BakuretsuKungFuGirl/009.png,1170,1654,0.5,0.3313597960000152,0.3686880889103648,0.38077019046826915,0.9207562349155269,0.5387466902030009,18312,29780,1576
BakuretsuKungFuGirl,004,/content/data/raw/Manga109s_released_2026_05_21/images/BakuretsuKungFuGirl/004.jpg,/content/data/groundtruth/post-processed/BakuretsuKungFuGirl/004.png,/content/benchmark_unetpp/masks/BakuretsuKungFuGirl/004.png,1170,1654,0.5,0.3322786439999845,0.225592764605231,0.22729287754900995,0.96790770844258,0.36813658030674723,9229,31375,306
BakuretsuKungFuGirl,006,/content/data/raw/Manga109s_released_2026_05_21/images/BakuretsuKungFuGirl/006.jpg,/content/data/groundtruth/post-processed/BakuretsuKungFuGirl/006.png,/content/benchmark_unetpp/masks/BakuretsuKungFuGirl/006.png,1170,1654,0.5,0.3283080329999848,0.3293535235876529,0.33684106026010124,0.9367752622860298,0.49550930996714126,13572,26720,916
BakuretsuKungFuGirl,002,/content/data/raw/Manga109s_released_2026_05_21/images/BakuretsuKungFuGirl/002.jpg,/content/data/groundtruth/post-processed/BakuretsuKungFuGirl/002.png,/content/benchmark_unetpp/masks/BakuretsuKungFuGirl/002.png,1170,1654,0.5,0.32926450400009344,0.29992905285562255,0.32538002693861845,0.7931519699812383,0.46145449583845,13528,28048,3528
BakuretsuKungFuGirl,001,/content/data/raw/Manga109s_released_2026_05_21/images/BakuretsuKungFuGirl/001.jpg,/content/data/groundtruth/post-processed/BakuretsuKungFuGirl/001.png,/content/benchmark_unetpp/masks/BakuretsuKungFuGirl/001.png,1170,1654,0.5,0.332281179000006,0.7998344316960985,0.9282911320663058,0.852507286895485,0.8887866768304499,171978,13285,29754
BakuretsuKungFuGirl,008,/content/data/raw/Manga109s_released_2026_05_21/images/BakuretsuKungFuGirl/008.jpg,/content/data/groundtruth/post-processed/BakuretsuKungFuGirl/008.png,/content/benchmark_unetpp/masks/BakuretsuKungFuGirl/008.png,1170,1654,0.5,0.33069371399994907,0.388439018313193,0.39982047829710843,0.9317197071567309,0.559533423059668,12472,18722,914
BakuretsuKungFuGirl,007,/content/data/raw/Manga109s_released_2026_05_21/images/BakuretsuKungFuGirl/007.jpg,/content/data/groundtruth/post-processed/BakuretsuKungFuGirl/007.png,/content/benchmark_unetpp/masks/BakuretsuKungFuGirl/007.png,1170,1654,0.5,0.3314436849999538,0.35010543736486666,0.364566250660144,0.8982331187508561,0.5186342157812531,13116,22861,1486
HealingPlanet,000,/content/data/raw/Manga109s_released_2026_05_21/images/HealingPlanet/000.jpg,/content/data/groundtruth/post-processed/HealingPlanet/000.png,/content/benchmark_unetpp/masks/HealingPlanet/000.png,1170,1654,0.5,0.3283770209999375,0.8484329135498533,0.8951974663562886,0.9419995794785534,0.9180023871361026,89603,10490,5517
HealingPlanet,005,/content/data/raw/Manga109s_released_2026_05_21/images/HealingPlanet/005.jpg,/content/data/groundtruth/post-processed/HealingPlanet/005.png,/content/benchmark_unetpp/masks/HealingPlanet/005.png,1170,1654,0.5,0.33488579499999105,0.11268681659743113,0.11549661095749626,0.8224429343091131,0.20254902802214306,4720,36147,1019
HealingPlanet,003,/content/data/raw/Manga109s_released_2026_05_21/images/HealingPlanet/003.jpg,/content/data/groundtruth/post-processed/HealingPlanet/003.png,/content/benchmark_unetpp/masks/HealingPlanet/003.png,1170,1654,0.5,0.3328911049999306,0.19807467911318552,0.21783766442091754,0.6858585858585858,0.3306549793036279,2716,9752,1244
HealingPlanet,009,/content/data/raw/Manga109s_released_2026_05_21/images/HealingPlanet/009.jpg,/content/data/groundtruth/post-processed/HealingPlanet/009.png,/content/benchmark_unetpp/masks/HealingPlanet/009.png,1170,1654,0.5,0.3328696549999677,0.016554278933811825,0.018317481666506548,0.14674191893278604,0.032569395017793594,572,30655,3326
HealingPlanet,004,/content/data/raw/Manga109s_released_2026_05_21/images/HealingPlanet/004.jpg,/content/data/groundtruth/post-processed/HealingPlanet/004.png,/content/benchmark_unetpp/masks/HealingPlanet/004.png,1170,1654,0.5,0.33312587800003257,0.47766588708274543,0.6073034674268302,0.6911373996699947,0.6465140614780903,24713,15980,11044
HealingPlanet,006,/content/data/raw/Manga109s_released_2026_05_21/images/HealingPlanet/006.jpg,/content/data/groundtruth/post-processed/HealingPlanet/006.png,/content/benchmark_unetpp/masks/HealingPlanet/006.png,1170,1654,0.5,0.330176315000017,0.1633077563095128,0.16618452926926786,0.9041586692258478,0.2807644931855207,7066,35453,749
HealingPlanet,002,/content/data/raw/Manga109s_released_2026_05_21/images/HealingPlanet/002.jpg,/content/data/groundtruth/post-processed/HealingPlanet/002.png,/content/benchmark_unetpp/masks/HealingPlanet/002.png,1170,1654,0.5,0.3304152419999582,0.8865470113617652,0.8977822244455561,0.9860805860805861,0.9398620930435542,5384,613,76
HealingPlanet,001,/content/data/raw/Manga109s_released_2026_05_21/images/HealingPlanet/001.jpg,/content/data/groundtruth/post-processed/HealingPlanet/001.png,/content/benchmark_unetpp/masks/HealingPlanet/001.png,1170,1654,0.5,0.3305879869999444,0.6778839889603544,0.7596601845091923,0.862961231660057,0.8080224776212124,57229,18106,9088
HealingPlanet,008,/content/data/raw/Manga109s_released_2026_05_21/images/HealingPlanet/008.jpg,/content/data/groundtruth/post-processed/HealingPlanet/008.png,/content/benchmark_unetpp/masks/HealingPlanet/008.png,1170,1654,0.5,0.336958592999963,0.36436865947808333,0.37934470332298187,0.9022434631487479,0.5341205354533232,22843,37374,2475
HealingPlanet,007,/content/data/raw/Manga109s_released_2026_05_21/images/HealingPlanet/007.jpg,/content/data/groundtruth/post-processed/HealingPlanet/007.png,/content/benchmark_unetpp/masks/HealingPlanet/007.png,1170,1654,0.5,0.3351413740000453,0.3188477431345025,0.3303697633923999,0.9014029400257112,0.4835247204149551,16127,32688,1764
YumeiroCooking,000,/content/data/raw/Manga109s_released_2026_05_21/images/YumeiroCooking/000.jpg,/content/data/groundtruth/post-processed/YumeiroCooking/000.png,/content/benchmark_unetpp/masks/YumeiroCooking/000.png,1170,1654,0.5,0.33350140299990017,0.44430746825417106,0.4515791865485117,0.9650249722530522,0.6152533003117883,69559,84476,2521
YumeiroCooking,005,/content/data/raw/Manga109s_released_2026_05_21/images/YumeiroCooking/005.jpg,/content/data/groundtruth/post-processed/YumeiroCooking/005.png,/content/benchmark_unetpp/masks/YumeiroCooking/005.png,1170,1654,0.5,0.3339721480000435,0.3925115917557825,0.3974111964397167,0.9695465077788812,0.5637462468242358,14645,22206,460
YumeiroCooking,003,/content/data/raw/Manga109s_released_2026_05_21/images/YumeiroCooking/003.jpg,/content/data/groundtruth/post-processed/YumeiroCooking/003.png,/content/benchmark_unetpp/masks/YumeiroCooking/003.png,1170,1654,0.5,0.3347301809999408,0.17588332137278906,0.18814630842176563,0.7296208738289116,0.29915097557035414,8333,35957,3088
YumeiroCooking,009,/content/data/raw/Manga109s_released_2026_05_21/images/YumeiroCooking/009.jpg,/content/data/groundtruth/post-processed/YumeiroCooking/009.png,/content/benchmark_unetpp/masks/YumeiroCooking/009.png,1170,1654,0.5,0.33034278599996014,0.321825588621142,0.3284476076386442,0.9410458308096104,0.48694107814458837,9322,19060,584
YumeiroCooking,004,/content/data/raw/Manga109s_released_2026_05_21/images/YumeiroCooking/004.jpg,/content/data/groundtruth/post-processed/YumeiroCooking/004.png,/content/benchmark_unetpp/masks/YumeiroCooking/004.png,1170,1654,0.5,0.3297597239999277,0.24254446574243302,0.25291684097987266,0.8553686527275586,0.39039965559302575,5441,16072,920
YumeiroCooking,006,/content/data/raw/Manga109s_released_2026_05_21/images/YumeiroCooking/006.jpg,/content/data/groundtruth/post-processed/YumeiroCooking/006.png,/content/benchmark_unetpp/masks/YumeiroCooking/006.png,1170,1654,0.5,0.3280710799999724,0.3212349953176878,0.3398072824422898,0.8545976143741507,0.48626473936295883,11320,21993,1926
YumeiroCooking,002,/content/data/raw/Manga109s_released_2026_05_21/images/YumeiroCooking/002.jpg,/content/data/groundtruth/post-processed/YumeiroCooking/002.png,/content/benchmark_unetpp/masks/YumeiroCooking/002.png,1170,1654,0.5,0.33008116899998186,0.41115898929821365,0.5015052065340769,0.6953368230182353,0.5827252526700595,20324,20202,8905
YumeiroCooking,001,/content/data/raw/Manga109s_released_2026_05_21/images/YumeiroCooking/001.jpg,/content/data/groundtruth/post-processed/YumeiroCooking/001.png,/content/benchmark_unetpp/masks/YumeiroCooking/001.png,1170,1654,0.5,0.3306612139999743,0.7866649856816095,0.94268725652066,0.8261786541826264,0.8805959617342566,87356,5311,18379
YumeiroCooking,008,/content/data/raw/Manga109s_released_2026_05_21/images/YumeiroCooking/008.jpg,/content/data/groundtruth/post-processed/YumeiroCooking/008.png,/content/benchmark_unetpp/masks/YumeiroCooking/008.png,1170,1654,0.5,0.3308312909999813,0.05333810050055256,0.053680078508341514,0.8933043004899293,0.10127441602122997,1641,28929,196
YumeiroCooking,007,/content/data/raw/Manga109s_released_2026_05_21/images/YumeiroCooking/007.jpg,/content/data/groundtruth/post-processed/YumeiroCooking/007.png,/content/benchmark_unetpp/masks/YumeiroCooking/007.png,1170,1654,0.5,0.3330421489999935,0.40024602997092373,0.41032598310849544,0.9421726921726922,0.5716795783084418,10737,15430,659
DualJustice,000,/content/data/raw/Manga109s_released_2026_05_21/images/DualJustice/000.jpg,/content/data/groundtruth/post-processed/DualJustice/000.png,/content/benchmark_unetpp/masks/DualJustice/000.png,1170,1654,0.5,0.33180801699995754,0.8257504168982768,0.9067755226613765,0.9023553173072543,0.9045600200942299,118842,12218,12860
DualJustice,005,/content/data/raw/Manga109s_released_2026_05_21/images/DualJustice/005.jpg,/content/data/groundtruth/post-processed/DualJustice/005.png,/content/benchmark_unetpp/masks/DualJustice/005.png,1170,1654,0.5,0.33283983899991654,0.21378916530115696,0.2166398309348898,0.9420194727053933,0.3522673812104972,8611,31137,530
DualJustice,003,/content/data/raw/Manga109s_released_2026_05_21/images/DualJustice/003.jpg,/content/data/groundtruth/post-processed/DualJustice/003.png,/content/benchmark_unetpp/masks/DualJustice/003.png,1170,1654,0.5,0.3314103980000027,0.7054942603226543,0.7792550694705219,0.8817027265665974,0.8273194190512083,132810,37622,17819
DualJustice,009,/content/data/raw/Manga109s_released_2026_05_21/images/DualJustice/009.jpg,/content/data/groundtruth/post-processed/DualJustice/009.png,/content/benchmark_unetpp/masks/DualJustice/009.png,1170,1654,0.5,0.33149512199997844,0.05862388151804999,0.061026530481146014,0.5982367758186398,0.11075488195861265,1900,29234,1276
DualJustice,004,/content/data/raw/Manga109s_released_2026_05_21/images/DualJustice/004.jpg,/content/data/groundtruth/post-processed/DualJustice/004.png,/content/benchmark_unetpp/masks/DualJustice/004.png,1170,1654,0.5,0.332722968999974,0.7221553785467338,0.7587409789896469,0.9374085643114152,0.8386646031395092,47416,15077,3166
DualJustice,006,/content/data/raw/Manga109s_released_2026_05_21/images/DualJustice/006.jpg,/content/data/groundtruth/post-processed/DualJustice/006.png,/content/benchmark_unetpp/masks/DualJustice/006.png,1170,1654,0.5,0.33183572800010097,0.22842859619719125,0.25216919739696314,0.708142972319269,0.371903742560749,7905,23443,3258
DualJustice,002,/content/data/raw/Manga109s_released_2026_05_21/images/DualJustice/002.jpg,/content/data/groundtruth/post-processed/DualJustice/002.png,/content/benchmark_unetpp/masks/DualJustice/002.png,1170,1654,0.5,0.3340205069999911,0.6330953236567036,0.675659902286105,0.9094990123900162,0.7753317451661357,40520,19451,4032
DualJustice,001,/content/data/raw/Manga109s_released_2026_05_21/images/DualJustice/001.jpg,/content/data/groundtruth/post-processed/DualJustice/001.png,/content/benchmark_unetpp/masks/DualJustice/001.png,1170,1654,0.5,0.3334826110000222,0.5865775279667452,0.6427290896458256,0.8703682193053781,0.7394249794001115,74930,41651,11160
DualJustice,008,/content/data/raw/Manga109s_released_2026_05_21/images/DualJustice/008.jpg,/content/data/groundtruth/post-processed/DualJustice/008.png,/content/benchmark_unetpp/masks/DualJustice/008.png,1170,1654,0.5,0.33051743100008935,0.009909587781580426,0.009916172561848293,0.9371980676328503,0.019624702847605077,194,19370,13
DualJustice,007,/content/data/raw/Manga109s_released_2026_05_21/images/DualJustice/007.jpg,/content/data/groundtruth/post-processed/DualJustice/007.png,/content/benchmark_unetpp/masks/DualJustice/007.png,1170,1654,0.5,0.33353474300008656,0.0920456849361357,0.09270982234020829,0.9277929155313351,0.1685747880438146,1362,13329,106
AkkeraKanjinchou,000,/content/data/raw/Manga109s_released_2026_05_21/images/AkkeraKanjinchou/000.jpg,/content/data/groundtruth/post-processed/AkkeraKanjinchou/000.png,/content/benchmark_unetpp/masks/AkkeraKanjinchou/000.png,1170,1654,0.5,0.3340803699999242,0.848776520565035,0.9078701220825398,0.9287747810797617,0.918203483356254,214990,21817,16487
AkkeraKanjinchou,005,/content/data/raw/Manga109s_released_2026_05_21/images/AkkeraKanjinchou/005.jpg,/content/data/groundtruth/post-processed/AkkeraKanjinchou/005.png,/content/benchmark_unetpp/masks/AkkeraKanjinchou/005.png,1170,1654,0.5,0.33245491699995,0.4420401212775678,0.49472412029935386,0.8058605285076096,0.6130760368663595,21286,21740,5128
AkkeraKanjinchou,003,/content/data/raw/Manga109s_released_2026_05_21/images/AkkeraKanjinchou/003.jpg,/content/data/groundtruth/post-processed/AkkeraKanjinchou/003.png,/content/benchmark_unetpp/masks/AkkeraKanjinchou/003.png,1170,1654,0.5,0.3322368980000192,0.411662955985614,0.4381915960258864,0.8717902219643117,0.5832312227789438,24037,30818,3535
AkkeraKanjinchou,009,/content/data/raw/Manga109s_released_2026_05_21/images/AkkeraKanjinchou/009.jpg,/content/data/groundtruth/post-processed/AkkeraKanjinchou/009.png,/content/benchmark_unetpp/masks/AkkeraKanjinchou/009.png,1170,1654,0.5,0.33616775199993754,0.5469174489136552,0.6968183991076645,0.7177023022566674,0.7071061863032649,78714,34248,30961
AkkeraKanjinchou,004,/content/data/raw/Manga109s_released_2026_05_21/images/AkkeraKanjinchou/004.jpg,/content/data/groundtruth/post-processed/AkkeraKanjinchou/004.png,/content/benchmark_unetpp/masks/AkkeraKanjinchou/004.png,1170,1654,0.5,0.3363852599999291,0.4980134354497216,0.5494751110342043,0.8417088202160323,0.6648984897791814,38105,31243,7166
AkkeraKanjinchou,006,/content/data/raw/Manga109s_released_2026_05_21/images/AkkeraKanjinchou/006.jpg,/content/data/groundtruth/post-processed/AkkeraKanjinchou/006.png,/content/benchmark_unetpp/masks/AkkeraKanjinchou/006.png,1170,1654,0.5,0.33713604199999736,0.09689536220774243,0.16611470325395575,0.18866234812979493,0.17667202459990217,6320,31726,27179
AkkeraKanjinchou,002,/content/data/raw/Manga109s_released_2026_05_21/images/AkkeraKanjinchou/002.jpg,/content/data/groundtruth/post-processed/AkkeraKanjinchou/002.png,/content/benchmark_unetpp/masks/AkkeraKanjinchou/002.png,1170,1654,0.5,0.33664523799996005,0.5229591836734694,0.5388749342835446,0.9465421711471372,0.6867671691792294,9225,7894,521
AkkeraKanjinchou,001,/content/data/raw/Manga109s_released_2026_05_21/images/AkkeraKanjinchou/001.jpg,/content/data/groundtruth/post-processed/AkkeraKanjinchou/001.png,/content/benchmark_unetpp/masks/AkkeraKanjinchou/001.png,1170,1654,0.5,0.3351645660000031,0.7596702779086199,0.8008640381368557,0.9365846293220594,0.8634234349988489,80639,20051,5460
AkkeraKanjinchou,008,/content/data/raw/Manga109s_released_2026_05_21/images/AkkeraKanjinchou/008.jpg,/content/data/groundtruth/post-processed/AkkeraKanjinchou/008.png,/content/benchmark_unetpp/masks/AkkeraKanjinchou/008.png,1170,1654,0.5,0.3360733669999263,0.4577285804595477,0.48265494912118406,0.8986120257332455,0.6280024780954067,35479,38029,4003
AkkeraKanjinchou,007,/content/data/raw/Manga109s_released_2026_05_21/images/AkkeraKanjinchou/007.jpg,/content/data/groundtruth/post-processed/AkkeraKanjinchou/007.png,/content/benchmark_unetpp/masks/AkkeraKanjinchou/007.png,1170,1654,0.5,0.3346400249999988,0.4278461516521441,0.4991348617442518,0.7497251099560176,0.5992888675815504,30001,30105,10015
EienNoWith,000,/content/data/raw/Manga109s_released_2026_05_21/images/EienNoWith/000.jpg,/content/data/groundtruth/post-processed/EienNoWith/000.png,/content/benchmark_unetpp/masks/EienNoWith/000.png,1170,1654,0.5,0.3301272579999477,0.797477597079323,0.828551724137931,0.9550838699419668,0.8873296650541009,24028,4972,1130
EienNoWith,005,/content/data/raw/Manga109s_released_2026_05_21/images/EienNoWith/005.jpg,/content/data/groundtruth/post-processed/EienNoWith/005.png,/content/benchmark_unetpp/masks/EienNoWith/005.png,1170,1654,0.5,0.33345988899998247,0.035664061599465155,0.03605892499184187,0.765084075173096,0.06887187249577065,1547,41355,475
EienNoWith,003,/content/data/raw/Manga109s_released_2026_05_21/images/EienNoWith/003.jpg,/content/data/groundtruth/post-processed/EienNoWith/003.png,/content/benchmark_unetpp/masks/EienNoWith/003.png,1170,1654,0.5,0.3357351509999944,0.67836462175696,0.6953885802403937,0.9651684404960859,0.8083638238833093,32919,14420,1188
EienNoWith,009,/content/data/raw/Manga109s_released_2026_05_21/images/EienNoWith/009.jpg,/content/data/groundtruth/post-processed/EienNoWith/009.png,/content/benchmark_unetpp/masks/EienNoWith/009.png,1170,1654,0.5,0.33369813900003464,0.11842387342966171,0.12261931187569368,0.7758426966292135,0.2117692160245352,2762,19763,798
EienNoWith,004,/content/data/raw/Manga109s_released_2026_05_21/images/EienNoWith/004.jpg,/content/data/groundtruth/post-processed/EienNoWith/004.png,/content/benchmark_unetpp/masks/EienNoWith/004.png,1170,1654,0.5,0.3355908820000195,0.40287834698066816,0.4683607374190334,0.7423725995510849,0.5743596340306476,17860,20273,6198
EienNoWith,006,/content/data/raw/Manga109s_released_2026_05_21/images/EienNoWith/006.jpg,/content/data/groundtruth/post-processed/EienNoWith/006.png,/content/benchmark_unetpp/masks/EienNoWith/006.png,1170,1654,0.5,0.3341496659999166,0.31736761821747655,0.3315047913868846,0.8815447006839779,0.4818208886095213,14564,29369,1957
EienNoWith,002,/content/data/raw/Manga109s_released_2026_05_21/images/EienNoWith/002.jpg,/content/data/groundtruth/post-processed/EienNoWith/002.png,/content/benchmark_unetpp/masks/EienNoWith/002.png,1170,1654,0.5,0.33376317500005825,0.5277034105459202,0.5568384204384942,0.9097932972105157,0.6908453655377348,9067,7216,899
EienNoWith,001,/content/data/raw/Manga109s_released_2026_05_21/images/EienNoWith/001.jpg,/content/data/groundtruth/post-processed/EienNoWith/001.png,/content/benchmark_unetpp/masks/EienNoWith/001.png,1170,1654,0.5,0.3317449339999712,0.8361404649650463,0.8933956364647027,0.9288100698896574,0.9107587147271584,51431,6137,3942
EienNoWith,008,/content/data/raw/Manga109s_released_2026_05_21/images/EienNoWith/008.jpg,/content/data/groundtruth/post-processed/EienNoWith/008.png,/content/benchmark_unetpp/masks/EienNoWith/008.png,1170,1654,0.5,0.3348413049999408,0.19369316720820964,0.19810644096973173,0.8968503084749432,0.32452756291001655,8286,33540,953
EienNoWith,007,/content/data/raw/Manga109s_released_2026_05_21/images/EienNoWith/007.jpg,/content/data/groundtruth/post-processed/EienNoWith/007.png,/content/benchmark_unetpp/masks/EienNoWith/007.png,1170,1654,0.5,0.335721723000006,0.3329202443126494,0.343522606180545,0.9151593803228161,0.49953513082746714,11283,21562,1046
AppareKappore,000,/content/data/raw/Manga109s_released_2026_05_21/images/AppareKappore/000.jpg,/content/data/groundtruth/post-processed/AppareKappore/000.png,/content/benchmark_unetpp/masks/AppareKappore/000.png,1170,1654,0.5,0.33644044300001497,0.7767090334226631,0.95238008667256,0.8080922604069655,0.874323278388928,419092,20955,99527
AppareKappore,005,/content/data/raw/Manga109s_released_2026_05_21/images/AppareKappore/005.jpg,/content/data/groundtruth/post-processed/AppareKappore/005.png,/content/benchmark_unetpp/masks/AppareKappore/005.png,1170,1654,0.5,0.3355182699999659,0.4940818102697998,0.5135349058097198,0.9287905435805145,0.6613852158210521,22708,21511,1741
AppareKappore,003,/content/data/raw/Manga109s_released_2026_05_21/images/AppareKappore/003.jpg,/content/data/groundtruth/post-processed/AppareKappore/003.png,/content/benchmark_unetpp/masks/AppareKappore/003.png,1170,1654,0.5,0.3338028809999969,0.11161256726262801,0.22230331899200984,0.1831097329451968,0.20081199250468454,5787,20245,25817
AppareKappore,009,/content/data/raw/Manga109s_released_2026_05_21/images/AppareKappore/009.jpg,/content/data/groundtruth/post-processed/AppareKappore/009.png,/content/benchmark_unetpp/masks/AppareKappore/009.png,1170,1654,0.5,0.33575949100008984,0.6206089344397593,0.6622790161414297,0.9079493315185178,0.7658959805183382,41358,21090,4193
AppareKappore,004,/content/data/raw/Manga109s_released_2026_05_21/images/AppareKappore/004.jpg,/content/data/groundtruth/post-processed/AppareKappore/004.png,/content/benchmark_unetpp/masks/AppareKappore/004.png,1170,1654,0.5,0.3360806370000091,0.5872658996866703,0.6591586351311445,0.8433689417098891,0.7399716705343419,24553,12696,4560
AppareKappore,006,/content/data/raw/Manga109s_released_2026_05_21/images/AppareKappore/006.jpg,/content/data/groundtruth/post-processed/AppareKappore/006.png,/content/benchmark_unetpp/masks/AppareKappore/006.png,1170,1654,0.5,0.33554153599993697,0.3368698912253408,0.3718242853322449,0.7818224866080677,0.5039681025601892,26417,44630,7372
AppareKappore,002,/content/data/raw/Manga109s_released_2026_05_21/images/AppareKappore/002.jpg,/content/data/groundtruth/post-processed/AppareKappore/002.png,/content/benchmark_unetpp/masks/AppareKappore/002.png,1170,1654,0.5,0.33528089699996144,0.6508213831911418,0.6975946688717563,0.9065996586383462,0.78848189127895,28683,12434,2955
AppareKappore,001,/content/data/raw/Manga109s_released_2026_05_21/images/AppareKappore/001.jpg,/content/data/groundtruth/post-processed/AppareKappore/001.png,/content/benchmark_unetpp/masks/AppareKappore/001.png,1170,1654,0.5,0.3368233920000421,0.7130798282707641,0.7739782422087136,0.9006237769080235,0.8325120832116375,44181,12902,4875
AppareKappore,008,/content/data/raw/Manga109s_released_2026_05_21/images/AppareKappore/008.jpg,/content/data/groundtruth/post-processed/AppareKappore/008.png,/content/benchmark_unetpp/masks/AppareKappore/008.png,1170,1654,0.5,0.3376067189999503,0.266430713267463,0.28043669477932426,0.8421379738968303,0.42075845204362844,5420,13907,1016
AppareKappore,007,/content/data/raw/Manga109s_released_2026_05_21/images/AppareKappore/007.jpg,/content/data/groundtruth/post-processed/AppareKappore/007.png,/content/benchmark_unetpp/masks/AppareKappore/007.png,1170,1654,0.5,0.33653965999997126,0.6763143287606058,0.7442624858198319,0.8810647016287317,0.8069063386944182,25587,8792,3454
YukiNoFuruMachi,000,/content/data/raw/Manga109s_released_2026_05_21/images/YukiNoFuruMachi/000.jpg,/content/data/groundtruth/post-processed/YukiNoFuruMachi/000.png,/content/benchmark_unetpp/masks/YukiNoFuruMachi/000.png,1170,1654,0.5,0.33148429900006704,0.8229992300375922,0.9153003400075557,0.890844466233607,0.9029068322981366,72684,6726,8906
YukiNoFuruMachi,005,/content/data/raw/Manga109s_released_2026_05_21/images/YukiNoFuruMachi/005.jpg,/content/data/groundtruth/post-processed/YukiNoFuruMachi/005.png,/content/benchmark_unetpp/masks/YukiNoFuruMachi/005.png,1170,1654,0.5,0.33899105299997245,0.19758344521086987,0.20145854475938732,0.9112842959325291,0.32997023464378217,8536,33835,831
YukiNoFuruMachi,003,/content/data/raw/Manga109s_released_2026_05_21/images/YukiNoFuruMachi/003.jpg,/content/data/groundtruth/post-processed/YukiNoFuruMachi/003.png,/content/benchmark_unetpp/masks/YukiNoFuruMachi/003.png,1170,1654,0.5,0.3357255209999721,0.368625292417779,0.3736018521101225,0.9651246577316617,0.5386796436686843,13394,22457,484
YukiNoFuruMachi,009,/content/data/raw/Manga109s_released_2026_05_21/images/YukiNoFuruMachi/009.jpg,/content/data/groundtruth/post-processed/YukiNoFuruMachi/009.png,/content/benchmark_unetpp/masks/YukiNoFuruMachi/009.png,1170,1654,0.5,0.3360748320000084,0.23035013376554903,0.24038637892033993,0.8465623654370604,0.3744464725021824,11796,37275,2138
YukiNoFuruMachi,004,/content/data/raw/Manga109s_released_2026_05_21/images/YukiNoFuruMachi/004.jpg,/content/data/groundtruth/post-processed/YukiNoFuruMachi/004.png,/content/benchmark_unetpp/masks/YukiNoFuruMachi/004.png,1170,1654,0.5,0.33665821800002504,0.2625813480962337,0.27510566747909787,0.852241231004492,0.4159436514600242,8917,23496,1546
YukiNoFuruMachi,006,/content/data/raw/Manga109s_released_2026_05_21/images/YukiNoFuruMachi/006.jpg,/content/data/groundtruth/post-processed/YukiNoFuruMachi/006.png,/content/benchmark_unetpp/masks/YukiNoFuruMachi/006.png,1170,1654,0.5,0.33758580100004565,0.34995711309888494,0.3565097990263388,0.9500998003992016,0.5184714532086775,11424,20620,600
YukiNoFuruMachi,002,/content/data/raw/Manga109s_released_2026_05_21/images/YukiNoFuruMachi/002.jpg,/content/data/groundtruth/post-processed/YukiNoFuruMachi/002.png,/content/benchmark_unetpp/masks/YukiNoFuruMachi/002.png,1170,1654,0.5,0.338894554000035,0.7451504676697844,0.8123448306437312,0.9000847363961242,0.853967014849726,73293,16931,8136
YukiNoFuruMachi,001,/content/data/raw/Manga109s_released_2026_05_21/images/YukiNoFuruMachi/001.jpg,/content/data/groundtruth/post-processed/YukiNoFuruMachi/001.png,/content/benchmark_unetpp/masks/YukiNoFuruMachi/001.png,1170,1654,0.5,0.33509266199996546,0.7962993108687395,0.860048057199789,0.9148432142634499,0.8865998066698889,14675,2388,1366
YukiNoFuruMachi,008,/content/data/raw/Manga109s_released_2026_05_21/images/YukiNoFuruMachi/008.jpg,/content/data/groundtruth/post-processed/YukiNoFuruMachi/008.png,/content/benchmark_unetpp/masks/YukiNoFuruMachi/008.png,1170,1654,0.5,0.33701476200008074,0.23449077437164026,0.2388563310246848,0.927692838257271,0.37989878780746145,8070,25716,629
YukiNoFuruMachi,007,/content/data/raw/Manga109s_released_2026_05_21/images/YukiNoFuruMachi/007.jpg,/content/data/groundtruth/post-processed/YukiNoFuruMachi/007.png,/content/benchmark_unetpp/masks/YukiNoFuruMachi/007.png,1170,1654,0.5,0.3447383489999538,0.2811881987326956,0.29502434893076435,0.8570549883134457,0.4389490927419355,6967,16648,1162
Akuhamu,000,/content/data/raw/Manga109s_released_2026_05_21/images/Akuhamu/000.jpg,/content/data/groundtruth/post-processed/Akuhamu/000.png,/content/benchmark_unetpp/masks/Akuhamu/000.png,1170,1654,0.5,0.338381780000077,0.9193448075861442,0.9704214028073851,0.9458491800450058,0.9579777473567704,263122,8020,15064
Akuhamu,005,/content/data/raw/Manga109s_released_2026_05_21/images/Akuhamu/005.jpg,/content/data/groundtruth/post-processed/Akuhamu/005.png,/content/benchmark_unetpp/masks/Akuhamu/005.png,1170,1654,0.5,0.3399239350000016,0.2340403332786812,0.24292963673494647,0.8647904389491656,0.37930742937204837,15702,48934,2455
Akuhamu,003,/content/data/raw/Manga109s_released_2026_05_21/images/Akuhamu/003.jpg,/content/data/groundtruth/post-processed/Akuhamu/003.png,/content/benchmark_unetpp/masks/Akuhamu/003.png,1170,1654,0.5,0.33741602899999634,0.15550602448557677,0.15715078510103483,0.9369404437524329,0.26915657935198906,4814,25819,324
Akuhamu,009,/content/data/raw/Manga109s_released_2026_05_21/images/Akuhamu/009.jpg,/content/data/groundtruth/post-processed/Akuhamu/009.png,/content/benchmark_unetpp/masks/Akuhamu/009.png,1170,1654,0.5,0.33560140800000227,0.2987455586977014,0.3242052250550834,0.7918508552758025,0.4600524817151471,8240,17176,2166
Akuhamu,004,/content/data/raw/Manga109s_released_2026_05_21/images/Akuhamu/004.jpg,/content/data/groundtruth/post-processed/Akuhamu/004.png,/content/benchmark_unetpp/masks/Akuhamu/004.png,1170,1654,0.5,0.33500613000001067,0.6360238924202255,0.6972477064220184,0.8786902608004943,0.7775239657158477,19912,8646,2749
Akuhamu,006,/content/data/raw/Manga109s_released_2026_05_21/images/Akuhamu/006.jpg,/content/data/groundtruth/post-processed/Akuhamu/006.png,/content/benchmark_unetpp/masks/Akuhamu/006.png,1170,1654,0.5,0.33792591299993546,0.5759260586085835,0.6170415291318032,0.8963002609219242,0.730904924710846,40191,24944,4650
Akuhamu,002,/content/data/raw/Manga109s_released_2026_05_21/images/Akuhamu/002.jpg,/content/data/groundtruth/post-processed/Akuhamu/002.png,/content/benchmark_unetpp/masks/Akuhamu/002.png,1170,1654,0.5,0.3384266419999449,0.35853867493472585,0.3724019576685947,0.9059375322131739,0.5278299124637768,17577,29622,1825
Akuhamu,001,/content/data/raw/Manga109s_released_2026_05_21/images/Akuhamu/001.jpg,/content/data/groundtruth/post-processed/Akuhamu/001.png,/content/benchmark_unetpp/masks/Akuhamu/001.png,1170,1654,0.5,0.33882178099997873,0.7762235231968275,0.8295682167964672,0.9234954799827809,0.8740155876325622,107264,22037,8886
Akuhamu,008,/content/data/raw/Manga109s_released_2026_05_21/images/Akuhamu/008.jpg,/content/data/groundtruth/post-processed/Akuhamu/008.png,/content/benchmark_unetpp/masks/Akuhamu/008.png,1170,1654,0.5,0.3382246369999393,0.21623649949424087,0.2222259481573388,0.8891721454447873,0.3555829800933626,6627,23194,826
Akuhamu,007,/content/data/raw/Manga109s_released_2026_05_21/images/Akuhamu/007.jpg,/content/data/groundtruth/post-processed/Akuhamu/007.png,/content/benchmark_unetpp/masks/Akuhamu/007.png,1170,1654,0.5,0.3397806660000242,0.23928699195843897,0.24700555537715552,0.8844937618582188,0.38616881079385,15384,46898,2009
YumeNoKayoiji,000,/content/data/raw/Manga109s_released_2026_05_21/images/YumeNoKayoiji/000.jpg,/content/data/groundtruth/post-processed/YumeNoKayoiji/000.png,/content/benchmark_unetpp/masks/YumeNoKayoiji/000.png,1170,1654,0.5,0.3372984259999612,0.4872314129576961,0.6325343127778852,0.6795920910525879,0.6552193676285067,65442,38018,30854
YumeNoKayoiji,005,/content/data/raw/Manga109s_released_2026_05_21/images/YumeNoKayoiji/005.jpg,/content/data/groundtruth/post-processed/YumeNoKayoiji/005.png,/content/benchmark_unetpp/masks/YumeNoKayoiji/005.png,1170,1654,0.5,0.3406702239999504,0.3866779804836657,0.4007034513079798,0.9169936613341383,0.5577040753885693,9114,13631,825
YumeNoKayoiji,003,/content/data/raw/Manga109s_released_2026_05_21/images/YumeNoKayoiji/003.jpg,/content/data/groundtruth/post-processed/YumeNoKayoiji/003.png,/content/benchmark_unetpp/masks/YumeNoKayoiji/003.png,1170,1654,0.5,0.33939706399996794,0.1980317940953823,0.21534408956206783,0.7112561174551386,0.3305952230506761,1308,4766,531
YumeNoKayoiji,009,/content/data/raw/Manga109s_released_2026_05_21/images/YumeNoKayoiji/009.jpg,/content/data/groundtruth/post-processed/YumeNoKayoiji/009.png,/content/benchmark_unetpp/masks/YumeNoKayoiji/009.png,1170,1654,0.5,0.34062119999998686,0.0320490964882373,0.03239703601585387,0.749003984063745,0.06210769739015527,188,5615,63
YumeNoKayoiji,004,/content/data/raw/Manga109s_released_2026_05_21/images/YumeNoKayoiji/004.jpg,/content/data/groundtruth/post-processed/YumeNoKayoiji/004.png,/content/benchmark_unetpp/masks/YumeNoKayoiji/004.png,1170,1654,0.5,0.3400014320000082,0.12971877375221688,0.13044585987261145,0.9588014981273408,0.22964790311729089,2560,17065,110
YumeNoKayoiji,006,/content/data/raw/Manga109s_released_2026_05_21/images/YumeNoKayoiji/006.jpg,/content/data/groundtruth/post-processed/YumeNoKayoiji/006.png,/content/benchmark_unetpp/masks/YumeNoKayoiji/006.png,1170,1654,0.5,0.33907581500000106,0.38294553903937356,0.41295393698084715,0.8405057985189325,0.5538114527711288,12031,17103,2283
YumeNoKayoiji,002,/content/data/raw/Manga109s_released_2026_05_21/images/YumeNoKayoiji/002.jpg,/content/data/groundtruth/post-processed/YumeNoKayoiji/002.png,/content/benchmark_unetpp/masks/YumeNoKayoiji/002.png,1170,1654,0.5,0.3381669539999166,0.3724564875424976,0.4067383353651779,0.8154649483390735,0.5427589011720338,7340,10706,1661
YumeNoKayoiji,001,/content/data/raw/Manga109s_released_2026_05_21/images/YumeNoKayoiji/001.jpg,/content/data/groundtruth/post-processed/YumeNoKayoiji/001.png,/content/benchmark_unetpp/masks/YumeNoKayoiji/001.png,1170,1654,0.5,0.33889003899992076,0.716169581059978,0.9182982300009889,0.7649081624248415,0.8346140019771727,37147,3305,11417
YumeNoKayoiji,008,/content/data/raw/Manga109s_released_2026_05_21/images/YumeNoKayoiji/008.jpg,/content/data/groundtruth/post-processed/YumeNoKayoiji/008.png,/content/benchmark_unetpp/masks/YumeNoKayoiji/008.png,1170,1654,0.5,0.3376113719999694,0.7295870439259009,0.7990329218106996,0.8935548447962447,0.8436546128026593,38833,9767,4626
YumeNoKayoiji,007,/content/data/raw/Manga109s_released_2026_05_21/images/YumeNoKayoiji/007.jpg,/content/data/groundtruth/post-processed/YumeNoKayoiji/007.png,/content/benchmark_unetpp/masks/YumeNoKayoiji/007.png,1170,1654,0.5,0.340852803999951,0.4833524684270953,0.5104680300703257,0.9009844485661292,0.6517027863777088,6315,6056,694
DollGun,000,/content/data/raw/Manga109s_released_2026_05_21/images/DollGun/000.jpg,/content/data/groundtruth/post-processed/DollGun/000.png,/content/benchmark_unetpp/masks/DollGun/000.png,1170,1654,0.5,0.3404127479999488,0.526904629408803,0.6707846140352061,0.7106890364641042,0.6901604975980896,99419,48794,40472
DollGun,005,/content/data/raw/Manga109s_released_2026_05_21/images/DollGun/005.jpg,/content/data/groundtruth/post-processed/DollGun/005.png,/content/benchmark_unetpp/masks/DollGun/005.png,1170,1654,0.5,0.3413049520000868,0.8188590403570111,0.8840925185897112,0.917340244062459,0.9004095668637225,139821,18331,12599
DollGun,003,/content/data/raw/Manga109s_released_2026_05_21/images/DollGun/003.jpg,/content/data/groundtruth/post-processed/DollGun/003.png,/content/benchmark_unetpp/masks/DollGun/003.png,1170,1654,0.5,0.34038417299996127,0.15509008609212746,0.15718834895561593,0.9207503425018443,0.26853331694123433,8737,46846,752
DollGun,009,/content/data/raw/Manga109s_released_2026_05_21/images/DollGun/009.jpg,/content/data/groundtruth/post-processed/DollGun/009.png,/content/benchmark_unetpp/masks/DollGun/009.png,1170,1654,0.5,0.3402999170000385,0.315805264737,0.3335390260173449,0.8559017375674056,0.48001824160526124,19999,39961,3367
DollGun,004,/content/data/raw/Manga109s_released_2026_05_21/images/DollGun/004.jpg,/content/data/groundtruth/post-processed/DollGun/004.png,/content/benchmark_unetpp/masks/DollGun/004.png,1170,1654,0.5,0.3336780419999741,0.5101593045503702,0.5257061420427757,0.9452075907908679,0.6756364087062501,49061,44263,2844
DollGun,006,/content/data/raw/Manga109s_released_2026_05_21/images/DollGun/006.jpg,/content/data/groundtruth/post-processed/DollGun/006.png,/content/benchmark_unetpp/masks/DollGun/006.png,1170,1654,0.5,0.341250457000001,0.6254301696017218,0.6763155023819047,0.8926183086423704,0.7695564919346496,55794,26703,6712
DollGun,002,/content/data/raw/Manga109s_released_2026_05_21/images/DollGun/002.jpg,/content/data/groundtruth/post-processed/DollGun/002.png,/content/benchmark_unetpp/masks/DollGun/002.png,1170,1654,0.5,0.3394124590000729,0.37543699115459517,0.591771449704142,0.5066571677352965,0.5459166702204785,96009,66231,93486
DollGun,001,/content/data/raw/Manga109s_released_2026_05_21/images/DollGun/001.jpg,/content/data/groundtruth/post-processed/DollGun/001.png,/content/benchmark_unetpp/masks/DollGun/001.png,1170,1654,0.5,0.3430449560000852,0.6871963118672482,0.8567707908100782,0.7763885086895083,0.8146014865415592,104939,17543,30224
DollGun,008,/content/data/raw/Manga109s_released_2026_05_21/images/DollGun/008.jpg,/content/data/groundtruth/post-processed/DollGun/008.png,/content/benchmark_unetpp/masks/DollGun/008.png,1170,1654,0.5,0.3413381489999665,0.2445760851588459,0.2548368398790594,0.8586434415413038,0.3930271328130662,16267,47566,2678
DollGun,007,/content/data/raw/Manga109s_released_2026_05_21/images/DollGun/007.jpg,/content/data/groundtruth/post-processed/DollGun/007.png,/content/benchmark_unetpp/masks/DollGun/007.png,1170,1654,0.5,0.33871200199996565,0.17336155144272,0.17418314733228635,0.9735125058256952,0.29549553797729494,12533,59420,341
